"Origin","  ","Total2000","Total2001","Total2002"
LAX,LAS,17745,16165,12733
LAS,LAX,16899,15788,12526
MSP,ORD,12979,12419,12007
ORD,MSP,12993,12361,11907
BOS,LGA,8647,11087,11539
LGA,BOS,8652,11085,11537
LAS,PHX,13346,12668,11143
PHX,LAS,12906,12418,11091
PHX,LAX,17041,14515,11066
LAX,PHX,16652,14149,11027
LGA,DCA,8289,10546,10955
DCA,LGA,8282,10561,10948
ORD,LGA,10876,11088,10639
HOU,DAL,11999,11658,10612
LGA,ORD,11531,11386,10566
EWR,ORD,12159,11053,10278
ORD,EWR,11851,10736,10126
ORD,PHL,10531,9805,10109
SFO,LAX,15967,13260,10047
PHL,ORD,10502,9804,9954
LAX,SFO,16021,13244,9832
ORD,LAX,11002,9907,9799
LAX,ORD,10986,10072,9735
OAK,LAX,11944,11295,9713
LAX,OAK,11861,11329,9685
DAL,HOU,10978,10574,9507
ORD,DFW,11361,10181,9262
DFW,ORD,10466,10225,9000
SAN,LAX,2573,12820,8961
LAX,SAN,2575,12806,8956
ORD,ATL,9884,9387,8774
ATL,ORD,9919,9364,8534
ORD,DTW,8192,8199,8482
ATL,DFW,9820,8913,8377
ORD,BOS,9522,8760,8222
DTW,ORD,8055,7945,8214
BOS,ORD,9857,9035,8160
ORD,DCA,8796,7816,7917
DCA,ORD,9107,7816,7916
DEN,ORD,8148,8468,7876
DFW,ATL,9780,8882,7753
ORD,DEN,7537,7749,7620
SAN,PHX,7883,7941,7598
PHX,SAN,8066,8154,7571
SFO,ORD,6901,7065,7405
LAX,SJC,10911,10788,7365
SJC,LAX,10861,10668,7349
BOS,PHL,6117,8035,7316
ORD,SFO,7142,7526,7250
PHL,BOS,5741,7667,7150
ABQ,PHX,6911,6801,7002
JFK,LAX,9277,8235,6909
SEA,LAX,8646,7925,6907
LAX,JFK,9271,8234,6906
DFW,DEN,8380,7883,6854
LAX,SEA,8307,7668,6851
HOU,MSY,7252,7332,6845
MSY,HOU,7257,7327,6824
SFO,SEA,8333,7546,6800
BOS,DCA,7497,8757,6757
DCA,BOS,7499,8758,6740
ATL,EWR,8910,7812,6702
EWR,ATL,8872,7808,6698
PHX,ONT,7534,7193,6674
ONT,PHX,7526,7178,6665
PHX,ABQ,6457,6413,6660
PIT,ORD,4531,6516,6592
SEA,ANC,6889,6671,6541
IAH,ORD,6517,6387,6519
ORD,IAH,6513,6356,6489
DEN,DFW,8033,7517,6488
ANC,SEA,6898,6669,6448
ORD,PIT,4557,6502,6433
SEA,SFO,8331,7552,6428
LAX,DFW,8340,7559,6351
PHL,ATL,8113,7153,6257
DFW,LAX,8070,7199,6252
IAH,DFW,7609,7317,6196
DFW,IAH,7605,7345,6196
DFW,PHX,7035,6538,6135
STL,ORD,7015,6869,6101
ORD,STL,7007,6856,6036
ORD,PHX,6306,5694,5971
ORD,CVG,4844,5884,5963
CVG,ORD,4850,5878,5935
ATL,PHL,7579,6532,5895
PHX,ORD,6304,5663,5873
MSP,DTW,5058,5240,5822
PHX,DFW,6670,6186,5775
ORD,CMH,2081,5040,5767
EWR,BOS,5139,7020,5759
ATL,LGA,7191,7369,5722
IND,ORD,2657,5741,5719
BOS,EWR,5139,6799,5711
LGA,ATL,7169,7343,5709
CMH,ORD,2075,5039,5700
ORD,IND,2653,5735,5624
DTW,STL,6158,6114,5602
STL,DTW,6150,6097,5601
PHX,DEN,6420,6144,5550
ORD,CLE,2989,6047,5523
CLE,ORD,2972,5990,5506
DEN,PHX,6423,6082,5460
MDW,MCI,6139,5997,5455
MCI,STL,6106,5999,5449
PHX,SEA,5433,5467,5427
MCI,MDW,6105,5964,5417
ATL,DTW,5732,5744,5395
SEA,ORD,4510,4741,5354
STL,MCI,6085,6018,5326
LGA,DFW,6653,6169,5309
DFW,LGA,6645,6165,5305
DTW,MDW,5657,5573,5301
SAN,OAK,3847,5005,5236
DTW,ATL,5732,5762,5235
OAK,SAN,3795,5037,5187
ORD,CLT,4392,5129,5186
SJC,SAN,5253,5221,5184
CLT,ORD,4534,5174,5180
SAN,SJC,5231,5210,5148
PHX,SJC,4507,5158,5145
DCA,ATL,5899,5827,5115
MDW,DTW,5630,5483,5064
DFW,MSP,5099,4938,5063
DFW,LAS,3972,4039,5063
SEA,PHX,5065,5104,5059
LAS,DFW,3968,4035,5058
MSP,DFW,5138,4957,5045
DTW,MSP,5076,5401,5043
ATL,MIA,6214,5835,5040
DAL,SAT,5017,4972,5039
SAT,DFW,6503,5515,5036
ORD,SEA,4785,4792,5031
LAS,ORD,4217,4706,5024
OAK,SEA,5274,5173,4984
ORD,LAS,4209,4703,4978
SEA,OAK,5212,5133,4969
SAT,DAL,4971,4944,4961
SJC,SNA,5450,5135,4948
IAD,ORD,3227,3928,4947
SNA,SJC,5435,5110,4941
SAN,LAS,5447,5619,4937
STL,PHX,5184,5400,4928
DFW,AUS,6140,5741,4925
AUS,DFW,6145,5735,4920
SLC,LAX,5192,5730,4881
LAS,SAN,5102,5364,4872
GEG,SEA,4645,4789,4853
SEA,GEG,4666,4785,4846
MSP,DEN,5382,5089,4834
ORD,IAD,3477,3770,4818
LAX,DEN,5767,5792,4800
OAK,BUR,5124,5083,4792
SJC,PHX,4147,4778,4786
JFK,SFO,5930,5843,4778
SFO,JFK,5929,5845,4778
BUR,OAK,5152,5071,4770
DEN,LAX,5793,6069,4750
ATL,DCA,5756,5629,4750
OAK,ONT,4512,5012,4746
PDX,SFO,5826,5315,4726
SFO,DFW,5407,5139,4708
DFW,SFO,5411,5138,4701
DTW,LGA,3147,4259,4700
SFO,PDX,5829,5315,4685
DEN,MSP,5018,4823,4680
MIA,ATL,5964,5770,4676
DFW,SAT,6129,5058,4674
ORD,MCI,3929,4207,4663
ATL,CLT,5586,5470,4651
SNA,OAK,4135,4352,4642
ATL,MCO,5626,5064,4633
LGA,DTW,3100,4472,4629
OAK,SNA,4133,4351,4623
PHX,STL,4828,5072,4600
ATL,TPA,4293,4504,4596
TPA,ATL,4641,4663,4594
LAS,SLC,4777,4644,4582
SLC,LAS,4740,4648,4574
ATL,DEN,4281,4307,4534
LAS,SFO,5267,4756,4531
MCI,ORD,3579,3922,4521
SFO,LAS,5637,4876,4498
STL,MDW,5125,4938,4491
MDW,STL,5099,4927,4465
DEN,SLC,5303,4696,4463
AUS,DAL,4540,4478,4459
DEN,IAH,4560,4437,4454
ORD,MIA,5301,4489,4441
MIA,ORD,5080,4492,4427
ATL,IAD,5628,5089,4409
CLT,ATL,5374,5177,4406
DAL,AUS,4534,4481,4405
IAD,ATL,5617,5067,4401
MSP,ATL,4470,4326,4391
LAX,HNL,4581,4268,4385
HNL,LAX,4577,4218,4385
IAH,DEN,4559,4395,4385
ELP,PHX,4104,4087,4377
PHX,ELP,4367,4074,4374
DFW,SAN,5019,4453,4369
SLC,PHX,6028,5702,4365
ATL,IAH,5399,4911,4365
IAH,ATL,5241,4938,4362
SEA,LAS,3993,3927,4360
ONT,OAK,4151,4692,4358
GRR,ORD,1738,4667,4357
ORD,GRR,1736,4670,4353
SAT,HOU,4408,4293,4350
EWR,DTW,5128,4955,4347
ONT,SMF,3686,4237,4345
SMF,ONT,3713,4268,4337
ATL,BOS,5788,4944,4329
DTW,EWR,4782,4825,4315
ORD,BWI,3134,3895,4284
BWI,ORD,3023,3804,4281
EWR,DFW,5758,5338,4273
DFW,EWR,5757,5334,4272
PHX,SMF,3476,3933,4270
MCO,ATL,5263,4701,4268
ATL,MSP,4488,4223,4254
PHX,OAK,3117,4088,4240
OAK,PHX,3149,4106,4238
LAS,RNO,4698,4194,4234
LAX,EWR,5161,4613,4217
EWR,LAX,5138,4596,4195
DTW,PHL,4614,4389,4192
SMF,PHX,3461,3913,4190
SJC,LAS,4622,4620,4183
BDL,ORD,4153,3876,4181
ORD,BDL,4158,3884,4181
LAX,SLC,4464,5035,4179
DFW,PHL,3807,3936,4164
LAS,BUR,4177,4183,4164
PHX,SLC,5634,5350,4159
SAN,ORD,4421,3968,4159
PHL,DFW,3809,3931,4150
MSP,STL,4942,5220,4140
SMF,SAN,3847,4114,4137
BUR,LAS,4193,4201,4119
MEM,ATL,4584,4577,4115
STL,DFW,6054,5746,4104
DFW,STL,6050,5744,4100
STL,MSP,4817,5061,4100
DEN,ATL,4281,4280,4100
PHL,DTW,4262,4018,4096
HOU,AUS,4624,4405,4091
DFW,BOS,4785,4603,4090
BOS,DFW,4987,4587,4085
ATL,STL,4963,4852,4084
STL,ATL,4963,4849,4084
DTW,DFW,4341,4318,4082
DFW,DTW,4386,4328,4081
SHV,DFW,1090,4904,4069
TPA,FLL,4206,4230,4061
ATL,BWI,4567,4586,4058
SAN,SMF,3852,4111,4050
AUS,HOU,4625,4458,4033
ATL,FLL,3481,3726,4032
FLL,ATL,3730,3725,4031
FLL,TPA,4155,4210,4023
ORD,SAN,3981,3986,4013
ATL,MEM,4978,4939,4013
SJC,ORD,3838,4504,4010
SAN,DFW,4357,4087,4007
ORD,DSM,2113,4104,3999
LAS,SEA,3624,3570,3984
MCO,EWR,5656,5055,3974
EWR,MCO,5695,5034,3950
SNA,SFO,3840,4306,3949
ONT,LAS,3692,3851,3940
DEN,SEA,3794,3742,3929
SEA,DEN,3715,3538,3924
PIT,PHL,4080,4140,3922
PIT,ATL,3930,3868,3918
RNO,LAS,4322,3840,3907
SEA,DFW,3881,3804,3900
DFW,SEA,3881,3802,3899
PHX,SFO,6800,4811,3899
PHX,ATL,4243,4053,3895
SJC,SEA,4951,4848,3894
SEA,SJC,4956,4824,3894
SFO,PHX,6458,4693,3890
LAS,SJC,4231,4231,3890
MCO,ORD,3628,3457,3889
ORD,MCO,3742,3728,3885
SLC,DEN,4936,4364,3871
LAS,OAK,3210,4314,3870
DEN,LAS,4726,4462,3861
HOU,SAT,4051,3944,3850
OAK,LAS,3177,4330,3822
LAS,DEN,4728,4431,3821
PDX,PHX,3587,3836,3804
BWI,PVD,6356,5910,3804
PHX,PDX,3586,3839,3804
MSY,ATL,3298,3736,3794
PVD,BWI,6356,5930,3792
MSY,IAH,4420,4207,3776
IAH,MSY,4415,4209,3773
PDX,OAK,3871,3776,3772
OAK,PDX,3837,3762,3772
ORD,SJC,3478,4258,3768
DSM,ORD,1757,3747,3754
BOS,ATL,5441,4627,3734
PDX,SJC,4616,4652,3728
SJC,PDX,4584,4659,3728
MSP,PHX,3748,3438,3716
ATL,PIT,3924,3854,3707
DFW,SHV,731,4534,3698
BWI,ATL,4202,4222,3696
FAI,ANC,3659,3658,3693
ANC,FAI,3895,3842,3691
LAX,IAD,4634,4167,3688
DFW,DCA,5215,4145,3688
DCA,DFW,5221,4151,3687
SFO,SNA,3826,4075,3686
PHX,MSP,3534,3516,3678
JFK,BOS,2012,4108,3668
RDU,ATL,3250,3396,3665
BOS,JFK,1997,4106,3663
IAH,PHX,3631,3590,3662
ATL,RDU,3600,3481,3655
PHX,IAH,3632,3590,3645
MCO,DFW,3404,3584,3644
DFW,MCO,3706,3586,3642
PHL,PIT,4501,4334,3635
SFO,SAN,7288,4789,3633
SAN,SFO,7320,4800,3626
SNA,PHX,2738,3385,3624
PHX,SNA,2783,3347,3622
ATL,PHX,3917,3703,3621
BUR,PHX,4462,4075,3619
ATL,JAX,3983,3874,3607
DFW,MEM,3329,4192,3568
PHX,BUR,4486,4059,3563
DFW,LIT,2187,4556,3551
LIT,DFW,2184,4533,3537
ORD,OMA,1939,3481,3531
TUL,DFW,2109,4993,3529
DFW,TUL,2110,4989,3528
PDX,LAX,5420,4749,3518
MEM,DFW,3664,4193,3501
LAS,ONT,3301,3506,3500
DEN,STL,3605,3821,3485
SAT,IAH,3776,3678,3482
IAH,SAT,3929,3662,3480
IAD,LAX,4258,3980,3476
PIT,CLT,4764,4621,3446
MIA,DFW,4092,3702,3445
DFW,MIA,4087,3664,3444
OMA,ORD,1587,3224,3444
LGA,CLT,4104,3917,3444
LAX,PDX,5480,4778,3436
CLT,PHL,3746,3720,3436
ATL,MSY,3291,3519,3425
TPA,DFW,3287,3234,3424
DFW,TPA,3281,3234,3421
AUS,IAH,3599,3633,3420
RDU,PHL,1791,2289,3419
IAH,AUS,3617,3648,3416
STL,DEN,3605,3797,3415
HOU,DFW,,4329,3408
SMF,SEA,3254,3282,3406
DFW,HOU,,4311,3402
BUR,SMF,3389,3354,3400
SMF,BUR,3410,3371,3398
ROC,ORD,3592,3597,3397
ORD,ROC,3525,3348,3393
SEA,SMF,3254,3291,3383
CLT,LGA,4337,4060,3378
DFW,CLT,3809,3824,3365
DEN,SFO,4902,4481,3362
PHL,RDU,1830,2310,3355
CLT,BOS,3389,3551,3345
MSP,IAH,2932,3219,3334
IAH,MSP,2914,3193,3332
DTW,IAH,3371,3594,3320
SFO,DEN,4786,4753,3306
PHL,MCO,3416,3505,3304
SBA,LAX,981,4339,3302
DCA,CLT,3753,3424,3298
LAX,SBA,932,4339,3296
MCI,DFW,4260,3823,3292
DFW,MCI,4259,3826,3291
IAH,DTW,3354,3577,3290
CLT,PIT,4399,4404,3269
MIA,SJU,3209,3768,3266
SJU,MIA,3203,3757,3262
EWR,MSP,3704,3603,3259
MSP,EWR,3705,3535,3259
JAX,ATL,3627,3512,3245
SEA,SLC,3268,3222,3243
LAS,SMF,2667,3205,3220
LAX,ATL,3620,3850,3212
SLC,SEA,3269,3227,3210
BOS,MCO,4812,4218,3210
IAH,LAX,4599,3873,3210
MCO,BOS,4842,4220,3210
HPN,ORD,3560,3771,3207
DFW,OKC,1090,4290,3206
OKC,DFW,1091,4301,3205
ORD,HPN,3557,3771,3205
CLE,BWI,5260,4190,3199
DFW,SNA,3891,3696,3191
CLT,DCA,3581,3214,3183
RDU,EWR,1625,2238,3182
SMF,LAX,5229,4712,3180
LAX,IAH,4580,3857,3171
SMF,LAS,2622,3206,3170
STL,TUL,3491,3419,3163
ILE,DFW,,3189,3161
BNA,DTW,3525,3331,3156
ORD,SNA,3608,3651,3154
DFW,ILE,,3163,3152
EWR,IAH,3121,3173,3150
BWI,CLE,5261,4195,3148
SNA,ORD,3606,3631,3147
LAX,SMF,5181,4717,3146
XNA,DFW,,3693,3144
ATL,CVG,3973,3869,3139
DFW,XNA,,3679,3137
IAH,EWR,3122,3400,3136
EWR,RDU,1624,2237,3131
MCO,PHL,3403,3492,3125
MHT,BWI,4591,4213,3124
BWI,MHT,4591,4209,3122
PHL,CLT,3768,3883,3119
CLT,DFW,3800,3762,3116
TUL,STL,3451,3386,3115
ORD,PVD,2900,2907,3111
PVD,ORD,2903,2909,3111
BWI,BNA,3003,3190,3110
SLC,ORD,2935,2839,3108
LIT,STL,3799,3663,3104
CLT,RDU,3255,3132,3102
SAV,ATL,3248,3308,3101
ATL,SAV,3249,3310,3099
PHX,MCI,3279,3372,3089
SFO,EWR,4331,3868,3085
MCO,STL,3009,3019,3070
STL,MCO,2997,3001,3069
BNA,BWI,3017,3196,3069
DTW,BNA,3503,3295,3066
FLL,EWR,3549,3707,3056
EWR,FLL,3545,3709,3055
MCI,PHX,3280,3381,3051
ORD,SLC,2937,2839,3044
EWR,SFO,3982,3624,3041
MEM,DTW,3254,3391,3040
HOU,HRL,3050,3030,3036
HRL,HOU,3058,3034,3035
LGA,MIA,3660,3438,3029
BUR,SJC,2761,2836,3026
DTW,MEM,3164,3363,3026
MIA,LGA,3968,3437,3022
LAS,SNA,3442,3113,3021
SNA,LAS,3485,3073,3019
FLL,DFW,2776,2703,3018
DFW,FLL,2770,2703,3016
SJC,BUR,2760,2837,3016
SJC,ONT,2452,3088,3007
ELP,DFW,3967,3596,3006
DFW,ELP,4293,3565,3006
IAD,DFW,2876,3587,2988
DFW,IAD,2872,3574,2986
TUS,PHX,4955,4558,2980
CLT,DTW,2983,2807,2977
MSY,DFW,2936,2800,2973
DFW,MSY,2938,2806,2971
SEA,SNA,3278,3057,2970
SNA,SEA,3276,3053,2969
MSP,PHL,2928,2972,2965
HOU,STL,3132,2997,2964
DFW,ABQ,3254,2861,2963
ONT,SJC,2454,3113,2957
BOS,CLT,2763,2821,2954
PHL,MSP,2921,2965,2948
STL,HOU,3158,3017,2943
AUS,PHX,3175,3109,2940
ATL,MCI,2902,2917,2940
IAH,MIA,3329,3075,2936
MIA,IAH,3329,3053,2935
BWI,CLT,2840,3058,2932
PBI,ATL,3273,3181,2930
DAL,TUL,2984,2900,2926
TUL,DAL,3003,2946,2926
PHX,AUS,3169,3107,2920
MIA,EWR,3142,3034,2919
BOS,BWI,1775,3168,2918
CLT,BWI,2898,3007,2917
CVG,ATL,4172,3395,2916
MIA,MCO,2133,5378,2915
MCO,MIA,2438,5386,2914
EWR,MIA,3140,3041,2911
DFW,CVG,2906,2813,2911
DFW,SLC,3289,3233,2910
CVG,DFW,2911,2853,2909
LBB,DFW,,3297,2905
IAH,LGA,3131,2959,2904
DFW,LBB,,3293,2904
RDU,CLT,3259,3175,2903
ATL,GSO,3241,3135,2899
GSO,ATL,3205,3119,2898
AUS,ORD,2909,2939,2897
CID,ORD,1640,3010,2897
SLC,SFO,3047,2963,2896
ORD,AUS,2911,2940,2896
SFO,SLC,3051,2961,2895
BNA,ATL,3236,3107,2895
ORD,CID,1640,3007,2895
ATL,BNA,3245,3116,2892
ORD,PDX,2779,2776,2888
STL,BWI,3226,3171,2888
STL,CLE,2875,2737,2888
PDX,ORD,2849,3020,2887
LGA,IAH,3131,2946,2879
CLE,STL,2940,2743,2877
ATL,BHM,3257,3047,2871
BHM,ATL,3245,3045,2869
DEN,SJC,3167,3851,2859
DFW,BNA,4001,3569,2858
BNA,DFW,3994,3519,2858
SLC,PDX,2882,2877,2852
PHX,DTW,3172,2817,2849
DEN,IAD,3326,3275,2846
TYR,DFW,,3187,2845
BOS,LAX,3561,3624,2844
DFW,TYR,,3174,2842
LAX,BOS,3563,3672,2841
ATL,ORF,2802,2972,2840
BWI,STL,3207,3172,2839
BWI,BOS,1771,3169,2838
ORF,ATL,2785,2978,2837
SJU,JFK,3959,3593,2831
IAH,PHL,2828,2876,2830
JFK,SJU,3956,3592,2829
SNA,DFW,3897,3663,2829
PHL,IAH,2830,2925,2829
LGA,FLL,3412,4163,2823
DTW,PHX,2963,2894,2809
DTW,GRR,2966,2891,2806
IAD,DEN,2901,3001,2802
SGF,DFW,,3024,2800
DEN,EWR,3211,3192,2797
DFW,SGF,,3015,2797
SEA,SAN,2800,2774,2796
SAN,SEA,2802,2776,2796
LGA,PIT,3365,3625,2795
GRR,DTW,2976,2879,2795
DTW,DCA,3115,2776,2795
FSM,DFW,,2890,2787
DFW,FSM,,2891,2784
DCA,DTW,3132,2763,2783
BWI,PHX,2652,2814,2780
PHX,BWI,2653,2813,2778
PHX,RNO,2580,2785,2777
ORD,TPA,2772,2659,2772
RNO,PHX,2550,2797,2768
BOS,PIT,3074,3507,2767
PIT,LGA,3409,3667,2760
SLC,ATL,3234,2900,2759
STL,LIT,3438,3295,2754
BNA,MDW,3109,2993,2754
ATL,LAX,3625,3581,2753
LAS,ATL,2603,2470,2750
BWI,MDW,4282,3725,2746
ISP,BWI,2796,2780,2745
BWI,ISP,2794,2773,2744
DFW,ONT,2910,2554,2742
ONT,DFW,2912,2593,2742
CLT,EWR,3546,3614,2733
MDW,BWI,4236,3724,2733
EWR,PHX,3142,2987,2732
ATL,RSW,2950,2859,2732
RSW,ATL,2945,2859,2730
IND,DTW,3076,2931,2724
DTW,IND,3095,2976,2724
PHX,EWR,2780,2897,2720
FLL,MCO,2458,2716,2707
EWR,DEN,3266,3208,2706
ORD,MSN,457,2539,2703
MSN,ORD,458,2552,2703
MDW,BNA,3099,3014,2702
BDL,BWI,3305,3921,2696
DTW,BOS,2990,2703,2689
FAT,LAX,,3388,2688
RDU,LGA,1230,1805,2683
DAY,ORD,1689,3297,2681
LAX,FAT,,3385,2681
AMA,DAL,2654,2634,2679
ORD,DAY,1689,3297,2679
MCO,CLT,2648,2956,2678
STL,OKC,3067,3056,2677
SJC,DFW,3185,3278,2675
DFW,SJC,3383,3307,2674
ATL,SLC,3625,3274,2674
BWI,BDL,3308,3918,2674
EWR,CLT,3497,3512,2674
MCO,FLL,2448,2708,2673
BGR,BOS,,3332,2668
DAL,LBB,3538,2943,2667
BOS,BGR,,3331,2666
LBB,DAL,2988,2936,2663
CLT,RIC,2528,2782,2659
LAX,MSP,2654,2735,2659
MDW,MSP,3097,2915,2659
DTW,CLT,3096,2702,2659
OKC,STL,3116,3055,2658
DAL,AMA,2654,2634,2658
TPA,ORD,2774,2659,2652
ABQ,LAX,2459,2469,2650
PHX,TUS,4598,4193,2644
MDT,ORD,2177,2317,2642
ORD,MDT,2532,2611,2641
CLT,MCO,2672,3068,2637
DAL,LIT,2678,2645,2633
CMH,STL,2865,2854,2630
STL,CMH,2831,2826,2630
PIT,BOS,2873,3145,2624
SEA,MSP,2963,2723,2621
SJC,DEN,2804,3609,2620
IAD,SFO,3020,2916,2615
BUF,ORD,3465,2729,2615
LGA,RDU,1230,1806,2614
ORD,BUF,3527,2978,2612
AMA,DFW,1090,2457,2606
PSP,LAX,918,4031,2605
ABQ,DFW,2895,2505,2604
LAX,PSP,918,4026,2603
DFW,AMA,1088,2448,2599
ORD,SYR,2177,2171,2592
SYR,ORD,2176,2176,2592
CLT,STL,2979,2839,2589
MCO,LGA,4241,4436,2589
LAS,EWR,2797,2533,2578
EWR,LAS,2795,2536,2577
PIT,DFW,2534,2558,2576
STL,CLT,2984,2802,2575
DCA,MIA,3649,3015,2572
MCI,ATL,2507,2548,2572
MIA,DCA,3956,3009,2571
ATL,PBI,2909,2820,2565
MCO,IAD,4902,4111,2563
IAD,MCO,5154,4122,2560
RIC,ATL,2873,2867,2555
ATL,RIC,2526,2810,2553
DTW,BWI,2800,2638,2547
BWI,DTW,2801,2640,2545
SLC,DFW,2914,2860,2542
BOS,SFO,3454,3123,2539
SFO,BOS,3464,3132,2538
PHX,SAT,2498,2526,2532
MKE,DTW,2501,2450,2527
SFO,IAH,3071,2848,2525
TUS,DFW,3308,3202,2524
ORD,MEM,2543,3497,2520
MEM,ORD,2543,3499,2520
GSO,CLT,2822,2621,2520
MCI,MSP,3086,2761,2514
IAH,SFO,3070,2834,2511
MSP,LAX,2504,2774,2510
BOS,MSP,2741,2680,2504
RNO,OAK,2492,2497,2504
RDU,DFW,2556,2676,2503
MCO,DTW,2692,2490,2502
DFW,RDU,2557,2671,2501
MSP,MCI,2753,2545,2501
DTW,MCO,2690,2583,2501
LAS,PDX,2827,2156,2495
PDX,SLC,2531,2531,2491
LAX,PHL,2856,2716,2491
PDX,LAS,2814,2157,2487
MSP,LGA,2733,2918,2483
ICT,DFW,1806,2824,2482
DFW,ICT,1802,2819,2479
FLL,LGA,3044,3795,2458
ORD,RIC,1423,2365,2454
RIC,ORD,1673,2399,2454
DCA,IAH,2674,2326,2452
BOS,DTW,2928,2714,2451
MAF,DFW,,2523,2447
PIT,BWI,2102,2568,2446
DEN,PHL,2744,2698,2443
DFW,MAF,,2515,2443
EWR,SJU,2478,2454,2441
SJU,EWR,2477,2449,2440
PHL,LAX,3024,2952,2437
ABI,DFW,,2567,2437
IAH,DCA,2667,2304,2436
SBP,LAX,,2474,2435
DFW,ABI,,2567,2435
DFW,TUS,3614,3142,2432
ATL,CMH,2543,2639,2431
LAX,SBP,,2457,2431
DTW,MKE,2501,2434,2429
MSP,MDW,3078,2813,2420
PHL,TPA,2687,2726,2417
DAL,ABQ,2549,2759,2417
LGA,MSP,2628,2577,2412
RIC,CLT,2501,2720,2411
MSP,SEA,2708,2663,2409
BOS,RDU,318,633,2406
MSP,FAR,2347,1746,2406
FAR,MSP,2346,1745,2405
ATL,IND,2316,2156,2398
IND,ATL,2313,2152,2397
TPA,PHL,2892,2830,2393
MDW,CLE,3239,2879,2393
DFW,ACT,,2682,2391
ACT,DFW,,2686,2390
ALB,BWI,1583,2393,2386
BWI,ALB,1583,2392,2385
PHL,DEN,2745,2691,2384
STL,SDF,3342,3106,2383
BNA,HOU,2356,2347,2382
ORF,BWI,1,562,2379
BWI,ORF,,562,2378
SAT,ORD,2213,2151,2374
HOU,BNA,2426,2346,2374
ORD,SAT,2214,2181,2372
CLE,MDW,3177,2901,2372
MSP,OMA,2267,2600,2372
FLL,JAX,2198,2414,2372
OMA,MSP,2266,2600,2371
DEN,PDX,2683,2708,2366
JAX,FLL,2155,2400,2364
CLE,IAH,2487,2562,2364
MSY,DAL,1828,2106,2362
BWI,BUF,564,2495,2360
BUF,BWI,563,2495,2360
MEM,MSP,3019,2379,2357
SFO,IAD,2918,2905,2356
RDU,BOS,319,623,2355
SDF,STL,3298,3087,2353
ATL,BDL,2175,2128,2352
BUR,SFO,4356,3649,2345
BHM,MSY,2395,2350,2345
STL,LAX,2904,2823,2344
SFO,BUR,4356,3649,2344
LAX,STL,2895,2783,2343
MKE,ORD,692,3092,2340
ORD,MKE,693,3084,2338
SFO,MSP,2723,2496,2338
MSY,BHM,2364,2347,2334
DAL,MAF,2645,2591,2329
PHL,MIA,2522,2460,2328
BDL,ATL,2174,2127,2325
ATL,SFO,2911,2912,2324
SFO,ATL,2913,2923,2324
DAL,MSY,1822,2114,2322
ATL,LAS,2240,2113,2322
TPA,CLT,2540,3024,2318
LAW,DFW,,2327,2318
CHS,CLT,2560,2509,2317
DFW,LAW,,2318,2317
LAX,ABQ,2115,2084,2316
CLT,CHS,2599,2514,2316
MYR,CLT,2377,2480,2312
CLT,MYR,2377,2480,2311
IAH,CLE,2477,2546,2310
DFW,PIT,2522,2488,2309
DTW,DEN,2309,2263,2301
RNO,LAX,3724,3280,2299
DFW,CRP,,2410,2299
CRP,DFW,,2416,2298
LAX,RNO,3726,3277,2297
DAL,OKC,2622,2519,2292
OKC,DAL,2614,2526,2290
MCO,PIT,2556,2905,2289
LIT,DAL,2317,2281,2285
DEN,DTW,2525,2356,2283
MSP,MEM,3019,2235,2281
MIA,PHL,2619,2460,2279
CLT,GSO,2386,2351,2277
JFK,MCO,2340,2432,2272
CLT,TPA,2741,3176,2269
MSP,MKE,2700,2399,2269
MCO,JFK,2329,2431,2268
MCI,DEN,3032,2637,2268
MSP,BOS,2681,2696,2265
DEN,SAN,2508,2387,2261
SFO,PHL,2653,2510,2261
BWI,DFW,1826,1914,2246
DFW,BWI,1825,1912,2246
DFW,OAK,2608,2574,2244
PDX,DEN,2614,2468,2244
OAK,DFW,2256,2424,2243
LGA,MCO,3886,4071,2228
LGA,CLE,1991,2802,2227
HNL,SFO,2560,2266,2225
SFO,HNL,2562,2269,2225
PIT,IAH,2453,2354,2221
LAS,DTW,2122,2135,2210
DTW,LAS,2122,2134,2209
CLE,LGA,1989,2789,2205
BOS,IAD,7651,3564,2203
DCA,MSP,2506,2564,2201
DEN,ABQ,2742,2363,2187
MSP,DCA,2523,2563,2187
ABQ,DEN,2741,2362,2187
PHL,SFO,2342,2494,2186
IAD,BOS,7967,3679,2183
SEA,RNO,2622,2118,2179
CLL,DFW,,2553,2178
PDX,DFW,2548,2090,2177
RNO,SEA,2631,2109,2176
DFW,PDX,2454,2079,2176
IAH,LAS,2759,2541,2176
MCO,MSY,1973,2155,2174
PIT,DCA,2217,2134,2173
DFW,CLL,,2548,2173
MKE,MSP,2701,2382,2170
SAT,PHX,2146,2182,2166
PHL,BDL,2143,2158,2166
CVG,LGA,2183,2172,2165
STL,PHL,2613,2752,2163
LGA,DEN,2533,2576,2161
STL,LGA,2569,3072,2157
LGA,STL,2626,3078,2155
BOS,CVG,2170,2139,2154
ATL,PNS,2533,2436,2151
PIT,MCO,2519,2780,2151
PNS,ATL,2514,2429,2150
DCA,PIT,2188,2087,2148
ATL,SDF,2541,2473,2148
ATL,CHS,3204,3016,2146
CHS,ATL,3223,3018,2145
JAX,DFW,2181,2182,2143
SDF,ATL,2493,2461,2143
OAK,RNO,2449,2262,2142
FLL,ORD,1934,2156,2141
CLT,FLL,2175,2359,2140
ORD,FLL,1932,2157,2140
CLT,ORF,2164,2131,2139
LAS,IAH,2774,2530,2136
MSY,MCO,1983,2161,2135
BDL,MCO,3215,2739,2134
JFK,MIA,3303,3056,2131
MIA,JFK,3271,2999,2131
CLT,JAX,2193,2123,2130
OMA,PHX,2172,2086,2129
DEN,MCI,2680,2353,2129
MSY,TPA,2394,2294,2128
PHX,OMA,2170,2087,2128
SAN,DEN,2395,2394,2121
LGA,TPA,2424,2871,2115
TPA,LGA,2429,2866,2113
ATL,AUS,2052,2088,2113
MCO,BDL,3186,2733,2113
HOU,ATL,1656,1768,2111
ATL,HOU,1656,1770,2110
AUS,ATL,2131,2100,2110
EWR,PIT,2593,2714,2106
BWI,PIT,2422,2153,2104
SJT,DFW,,2256,2103
DFW,SJT,,2249,2101
PHL,STL,2612,2721,2099
FSD,MSP,2101,2017,2099
MSP,FSD,2101,2017,2099
OMA,MDW,2103,2108,2097
FLL,CLT,2266,2309,2094
MDW,OMA,2101,2102,2093
DEN,LGA,2533,2594,2092
ORD,MSY,2099,1908,2091
MSY,ORD,2100,1904,2091
PIT,MSP,2146,2080,2088
PHX,HOU,2108,2097,2088
DTW,CMH,2104,1874,2087
RNO,SJC,2537,2215,2086
SJC,RNO,2550,2252,2080
DCA,STL,2421,2041,2080
STL,DCA,2421,2043,2078
MSP,PIT,2130,2008,2077
TPA,MSY,2009,2127,2076
SPS,DFW,,1997,2065
DFW,SPS,,1988,2061
MCI,LAS,1694,2098,2057
JAX,CLT,2181,2127,2057
ABQ,LAS,2017,2075,2051
LAX,OGG,1832,1891,2050
ABQ,DAL,2438,2375,2050
OGG,LAX,1830,1890,2049
LAS,MCI,1691,2118,2047
PIT,EWR,2546,2630,2046
LAS,ABQ,2068,2094,2046
ORD,RDU,3688,3230,2039
DAL,ELP,1969,2008,2036
CMH,ATL,2163,2314,2036
RDU,ORD,3692,3232,2035
LAX,MIA,2558,2380,2030
MIA,LAX,2560,2383,2026
LAS,MSP,2063,1979,2024
MSP,LAS,2066,2004,2021
ATL,MOB,2887,2546,2019
MOB,ATL,2862,2541,2018
EWR,CLE,2503,2185,2015
SDF,MDW,2355,2294,2013
STL,IND,3823,3657,2012
COS,DFW,3072,2684,2011
DFW,COS,3070,2688,2011
IND,STL,3806,3644,2010
PHL,FLL,2466,2426,2007
SAN,ATL,1809,1812,2007
SAT,ATL,2508,2279,2007
ATL,SAT,2375,2317,2004
FLL,JFK,1241,1489,2003
MSP,SFO,2419,2344,2000
MCI,OKC,1975,1964,2000
JFK,FLL,1246,1491,2000
MAF,DAL,2646,2284,1999
LAN,DTW,1913,1893,1998
CLE,EWR,2500,2180,1998
DTW,LAN,1914,1892,1998
PHX,PHL,2451,2129,1988
ILM,CLT,2195,2135,1988
PHL,PHX,2456,2126,1987
CLT,ILM,2195,2135,1987
FLL,PHL,2371,2270,1986
MDW,SDF,2351,2236,1981
STL,EWR,2547,2562,1981
EWR,STL,2553,2567,1980
MSP,SLC,2281,2097,1979
SMF,SNA,1560,1591,1976
IAH,PIT,2427,2307,1972
ATL,SRQ,2189,2147,1971
SRQ,ATL,2174,2146,1971
SNA,SMF,1560,1591,1966
IAH,MCO,2222,2230,1966
DTW,LAX,2093,2040,1964
LAS,STL,1894,1881,1962
DAL,IAH,2281,2196,1960
STL,LAS,1893,1879,1960
IAH,DAL,2281,2197,1959
HOU,CRP,2666,2502,1958
LGA,PBI,3458,2754,1957
CRP,HOU,2666,2503,1957
ALB,ORD,2178,2217,1955
ORD,ALB,2178,2218,1954
ELP,DAL,1984,1978,1950
OKC,MCI,1975,1948,1944
MCO,IAH,2215,2213,1943
ABQ,STL,2440,2221,1931
CLT,SAV,2053,1961,1928
SAV,CLT,2053,1961,1928
DAY,ATL,2197,1812,1921
ATL,DAY,2198,1814,1921
SNA,DEN,1764,1860,1919
STL,ABQ,2437,2193,1910
DEN,SMF,2056,1892,1905
SMF,DEN,2225,2190,1904
MCO,PVD,1728,1864,1900
PVD,MCO,1728,1864,1900
BOS,MIA,1848,1823,1895
DEN,OAK,1981,2193,1895
MIA,BOS,1844,1820,1893
DCA,JFK,703,3018,1889
JFK,DCA,728,3012,1887
ORF,CLT,2161,2096,1884
TPA,DTW,1978,1983,1882
DTW,TPA,1973,1982,1880
EWR,TPA,2863,2085,1873
TYS,ATL,2485,2417,1863
ATL,TYS,2519,2418,1862
IAH,TPA,2056,2058,1856
BTR,DFW,1090,2645,1856
TPA,STL,2358,2161,1855
TPA,EWR,2865,2085,1855
TPA,IAH,2056,2058,1855
STL,TPA,2359,2159,1854
DFW,BTR,1086,2640,1853
CVG,SLC,2186,2024,1850
TPA,MIA,1096,3038,1848
MIA,TPA,1095,3038,1845
BOS,DEN,2062,1930,1840
BWI,DEN,1918,1716,1839
BWI,MCO,3764,3730,1834
CLT,PBI,1879,1768,1834
MCO,BWI,3775,3735,1828
FLL,BOS,3203,2838,1827
BOS,FLL,3206,2839,1826
EWR,PBI,1980,2465,1825
PBI,EWR,1980,2465,1825
MHT,PHL,1820,1818,1824
PHL,PVD,1830,1816,1822
PHL,MHT,1830,1818,1822
SLC,CVG,2173,2017,1822
BWI,IAH,2128,2149,1819
BDL,PHL,2152,2088,1817
IAH,SEA,1717,1732,1816
LGA,CVG,1818,1813,1816
LAX,DTW,1942,2078,1814
SEA,IAH,1717,1731,1814
PHL,BUF,1830,1814,1812
CMH,CVG,1812,1778,1812
IAH,MFE,2039,1993,1810
SJU,PHL,1569,1557,1810
MFE,IAH,2040,1993,1810
PHL,SJU,1570,1558,1809
DEN,SNA,1766,2009,1808
SMF,PDX,1767,1807,1808
IAH,SAN,1816,1812,1806
SAN,IAH,1816,1814,1806
MCO,LAX,2558,2212,1805
LAX,MCO,2554,2211,1804
OAK,DEN,1860,2227,1804
SLC,STL,2107,1905,1803
TUS,LAX,3544,3028,1803
MRY,LAX,,2319,1803
MIA,CLT,1942,2039,1802
LAX,MRY,,2318,1802
DEN,BOS,2071,2042,1801
OMA,DEN,2077,1923,1801
LAX,TUS,3545,3028,1800
TPA,CVG,1481,1780,1800
STL,SLC,2108,1904,1799
PDX,SMF,1801,1823,1799
CVG,TPA,1484,1781,1798
BUF,PHL,1830,1814,1797
SLC,BOI,2440,2127,1796
STL,BOS,2170,2191,1796
BOS,STL,2171,2194,1795
LAX,MCI,1807,1787,1795
CLT,MIA,1991,2023,1793
TOL,ORD,,1865,1793
ORD,TOL,,1867,1793
IND,CLT,1796,1822,1791
CVG,DCA,1780,1598,1790
IND,MSP,1946,1934,1789
JFK,BWI,,1944,1789
MSP,IND,1914,1891,1788
BWI,JFK,,1943,1787
ALB,PHL,1830,1826,1786
PBI,CLT,1871,1880,1786
ATL,CAE,2773,2370,1784
CAE,ATL,2773,2366,1783
DFW,CMH,1452,1605,1782
DFW,JAX,1827,1820,1781
CLT,RSW,1856,1887,1779
SLC,SAN,1826,1783,1779
IAH,BWI,2138,2150,1779
CMH,DFW,1455,1605,1778
JAN,ATL,1782,1805,1778
MCI,SLC,2181,1934,1777
ATL,JAN,1746,1796,1777
SAN,SLC,1818,1786,1776
BWI,RDU,1519,1795,1774
BOI,SLC,2437,2117,1774
PHL,ALB,1830,1825,1774
MCI,LAX,1807,1788,1773
CLT,BNA,1789,1709,1771
GRB,ORD,,1581,1770
ORD,GRB,,1578,1769
STL,OMA,2800,2727,1765
OMA,STL,2791,2730,1763
CLT,IND,1830,1763,1763
PVD,PHL,1830,1784,1762
BNA,CLT,1830,1719,1762
HOU,PHX,1760,1794,1759
STL,SAT,1772,1758,1755
SAT,STL,1770,1762,1755
STL,SEA,1937,2027,1753
SEA,STL,1934,2026,1753
CMI,ORD,,1829,1752
ORD,CMI,,1823,1751
IND,DFW,1553,1599,1749
DFW,IND,1553,1601,1747
RDU,BWI,1519,1794,1743
RSW,CLT,1846,1888,1743
LAX,ELP,2084,1983,1739
MSP,CLT,1673,1731,1738
RDU,BNA,1783,1755,1737
FLL,IAH,1683,1742,1736
CLE,ATL,3174,2353,1736
IAH,FLL,1674,1747,1732
IAH,BOS,1846,1815,1730
IAD,CLT,1825,1826,1729
IND,PIT,2154,1965,1728
CLT,IAD,1817,1830,1724
BOS,IAH,1846,2026,1721
BDL,PIT,1798,1822,1719
MSP,MCO,1799,1484,1719
MCO,MSP,1799,1574,1718
SEA,ATL,1432,1654,1718
DTW,MCI,1682,1711,1715
PHL,ROC,1830,1795,1712
ROC,PHL,1830,1793,1711
DEN,OMA,1727,1653,1710
CLT,MSY,1464,1782,1708
BNA,RDU,1798,1774,1705
ATL,GSP,2846,1984,1703
GSP,ATL,2854,1976,1703
CLE,MSP,1658,1461,1702
MCI,DTW,1344,1497,1702
CMH,PHX,1733,1780,1701
PIT,TPA,1923,1826,1701
MSP,CLE,1778,1708,1700
LAS,PHL,1618,1569,1699
PHL,LAS,1619,1573,1697
DEN,BWI,1674,1469,1696
PIT,IND,1805,1716,1694
PHX,CMH,1459,1477,1694
MSY,CLT,1463,1781,1688
MDW,CMH,2234,2002,1685
JAN,DFW,1087,2227,1683
MEM,CLT,2008,2152,1680
DFW,JAN,1087,2230,1678
TPA,PIT,1926,1871,1677
ORD,TUL,1496,1715,1677
CMH,MDW,2199,1983,1677
IND,MDW,1761,1770,1677
MDW,IND,1748,1760,1677
STL,SFO,2083,2072,1675
BWI,SDF,1437,1747,1674
SFO,STL,2043,2053,1674
DTW,MSN,1718,1642,1674
TUL,ORD,1498,1712,1674
LIT,ATL,1797,1759,1674
PIT,BDL,1796,1814,1674
ATL,LIT,1809,1761,1672
MSN,DTW,1749,1673,1672
BDL,CLT,1464,1511,1672
SDF,BWI,1436,1739,1671
STL,IAH,2418,1932,1670
ORD,MHT,1094,1240,1669
IAH,STL,2417,1935,1668
MHT,ORD,1395,1392,1668
SMF,DFW,1461,1436,1667
DFW,SMF,1462,1436,1666
ATL,PVD,1462,1454,1664
PVD,ATL,1460,1456,1664
IAD,SEA,1210,1160,1650
CMH,DTW,2080,1574,1650
CLT,MEM,2170,2328,1649
IAH,TUL,1652,1619,1648
ATL,SAN,1456,1452,1647
SEA,IAD,1203,1187,1647
TUL,IAH,1652,1618,1647
BUF,ATL,1149,1406,1647
ATL,BUF,1132,1370,1647
DTW,SEA,2059,1909,1636
EYW,MIA,,2505,1636
BWI,MSP,1644,1612,1635
MSP,BWI,1643,1612,1635
MIA,EYW,,2503,1635
ABQ,IAH,1783,1773,1625
IAH,ABQ,1783,1746,1625
SLC,MSP,2245,1732,1620
DTW,MBS,1918,1671,1616
RIC,PHL,2012,2150,1613
BUF,DTW,1836,1728,1613
DTW,BUF,1842,1728,1612
ORF,PHL,1806,1761,1607
MLI,STL,1960,2028,1603
SGF,STL,2065,2026,1603
STL,MLI,1960,2025,1601
CLE,DTW,1944,1582,1601
MSP,MSN,1799,1721,1599
MSN,MSP,1769,1684,1599
STL,SGF,2065,2026,1597
SJU,ATL,1743,1622,1597
ATL,SJU,1746,1620,1596
DTW,CLE,2043,1481,1596
PHL,ORF,1806,1745,1595
JFK,PHX,1454,1354,1594
PBI,LGA,3076,2392,1594
PHX,JFK,1456,1352,1594
GRR,MSP,1754,1671,1593
DEN,COS,2053,1685,1593
COS,DEN,2053,1682,1593
ORD,XNA,,1694,1593
LAS,JFK,2282,1766,1590
JFK,LAS,2279,1767,1590
PHL,PWM,1682,1792,1589
XNA,ORD,,1691,1589
TPA,PBI,356,2260,1584
MSP,GRR,1546,1370,1583
LRD,DFW,,1501,1574
EVV,ORD,,1738,1573
MBS,DTW,1943,1649,1572
ORD,EVV,,1735,1572
MEM,IAH,1342,1621,1570
IAH,MEM,1342,1620,1569
DFW,LRD,,1498,1569
ORD,AZO,,1752,1568
AZO,ORD,,1755,1568
PBI,TPA,356,2262,1564
PDX,MSP,1475,1597,1560
MSP,PDX,1476,1599,1560
IAD,DTW,1969,1787,1558
DTW,IAD,1966,1784,1558
CVG,BOS,1804,1773,1557
CLT,CMH,1446,1450,1555
SJU,ORD,1649,1680,1549
SFO,RNO,1478,1453,1548
RNO,SFO,1478,1452,1548
CVG,PHL,1807,1707,1548
CLT,MCI,1456,1607,1547
SNA,IAH,1658,1600,1546
IAH,SNA,1657,1600,1545
PWM,BOS,,2182,1543
BOS,PWM,,2180,1542
IAD,MIA,2205,1569,1539
MIA,IAD,2203,1567,1539
ISP,BOS,,2405,1537
IAH,CLT,2153,1988,1536
HPN,BOS,,2252,1535
BOS,ISP,,2400,1534
SLC,IAH,1565,1621,1532
IAH,SLC,1565,1618,1530
BOS,HPN,,2244,1529
CMH,CLT,1473,1444,1528
DTW,MHT,1602,1560,1526
MHT,DTW,1603,1561,1525
DTW,PVD,1690,1576,1524
PVD,DTW,1687,1575,1523
ATL,HSV,3239,2730,1517
PBI,DFW,1834,1580,1515
MIA,DTW,1845,1649,1514
STL,MIA,1512,1533,1513
DFW,PBI,1834,1579,1513
BWI,PHL,1147,1830,1513
MIA,STL,1512,1534,1512
DTW,RDU,1704,1632,1503
RDU,DTW,1677,1625,1503
ONT,SEA,1503,1428,1500
SEA,ONT,1539,1446,1500
MDW,DFW,1570,1383,1495
DFW,MDW,1570,1383,1493
DTW,MIA,1793,1597,1493
IAD,MSP,1624,1600,1492
MSP,IAD,1628,1611,1491
BWI,TPA,3625,3112,1487
CLT,MSP,1572,1460,1484
CMH,MCO,1534,1458,1479
PHX,CLE,1425,1258,1479
ATL,TLH,2122,1477,1478
TLH,ATL,2118,1480,1478
MCO,CMH,1533,1457,1477
BDL,DTW,1684,1600,1476
DTW,BDL,1685,1598,1476
MCO,CVG,1734,1731,1471
CVG,MCO,1735,1732,1469
ORD,SJU,1554,1596,1467
TPA,BWI,3622,3107,1466
CLT,PVD,981,1280,1461
CVG,LAX,1460,1456,1460
MSP,SAN,1461,1428,1459
EWR,SEA,1244,1478,1459
SAN,MSP,1459,1427,1459
SEA,EWR,1245,1476,1457
BUF,PIT,1464,1447,1456
JAX,PHL,1097,1089,1456
LAX,BNA,1766,1458,1456
ALB,PIT,1457,1460,1454
PIT,ALB,1457,1460,1454
LAS,CVG,1093,1303,1454
LAX,CVG,1458,1456,1454
GEG,SLC,1462,1485,1453
CLE,PHX,1423,1256,1452
PHL,BTV,1473,1429,1452
LAS,BWI,1263,1457,1452
PVD,PIT,1332,1429,1451
CVG,DEN,1449,1415,1451
CMH,MSP,1357,1323,1450
SYR,PHL,1459,1422,1450
SLC,GEG,1463,1298,1450
BWI,LAS,1263,1457,1450
PHL,SYR,1473,1426,1449
DEN,CVG,1449,1451,1449
DEN,ONT,1376,1397,1447
HOU,LAS,1173,1429,1447
BNA,LAX,1765,1457,1447
PIT,LAX,1807,1713,1447
MCI,CLT,1428,1442,1447
ONT,DEN,1377,1397,1447
DTW,SFO,1778,1599,1444
TPA,BNA,1458,1449,1444
PHL,DCA,1247,1531,1443
BDL,CVG,1449,1422,1442
BWI,CVG,1451,1405,1442
SYR,PIT,1434,1454,1441
PIT,SYR,1445,1454,1441
MCO,BNA,2496,2047,1441
CVG,MSY,1443,1414,1440
DEN,OKC,1758,1353,1440
PIT,BUF,1458,1453,1440
LAS,CMH,1639,1545,1440
OKC,DEN,1758,1353,1440
PDX,SAN,1425,1551,1438
CMH,LAS,1002,1157,1438
ORD,PIA,,1767,1438
PIA,ORD,,1770,1438
ORD,SDF,317,240,1437
SDF,ORD,318,240,1437
SAN,PDX,1425,1548,1437
LAS,SAT,1438,1434,1434
RST,ORD,1426,1437,1434
EWR,CVG,1479,1421,1434
ORD,RST,1420,1432,1431
ALB,DTW,1710,1572,1431
DTW,ALB,1709,1572,1431
DAB,ATL,1671,1539,1431
ATL,DAB,1671,1539,1431
CVG,EWR,1467,1419,1430
JAN,HOU,1442,1419,1430
PVD,CLT,970,1297,1429
HOU,JAN,1443,1413,1428
SAT,LAS,1436,1423,1428
BIS,MSP,1422,1389,1427
MSP,BIS,1422,1390,1427
SEA,DTW,1803,1851,1426
LAS,HOU,1178,1432,1426
LAS,TUS,1438,1475,1424
DCA,CVG,1792,1438,1424
SAN,STL,1462,1456,1423
BNA,MCO,2496,2048,1423
STL,SAN,1474,1462,1422
SAN,ABQ,1093,1423,1421
ABQ,SAN,1099,1424,1420
HSV,ATL,2872,2374,1420
CVG,CMH,1453,1451,1418
MSY,STL,1708,1782,1417
CVG,BDL,1452,1419,1417
CVG,MSP,1411,1575,1416
SLC,MCI,1819,1572,1415
STL,MSY,1709,1782,1414
CLE,CLT,1830,1613,1414
PHL,RIC,2034,2130,1413
CLT,CLE,1464,1460,1413
CLT,BHM,1779,1758,1411
BHM,CLT,1779,1758,1411
BDL,DFW,1340,1261,1410
DFW,BDL,1336,1262,1409
FLL,PIT,1123,1451,1405
EWR,DCA,3179,2752,1405
GGG,DFW,,1733,1404
TUS,LAS,1441,1471,1403
DTW,SYR,1705,1513,1402
SYR,DTW,1705,1513,1402
BNA,TPA,1456,1449,1401
DFW,LGB,1444,1397,1401
LGB,DFW,1445,1399,1401
DFW,GGG,,1734,1401
DCA,RDU,1242,581,1400
BNA,ORD,2725,1726,1399
BET,ANC,1036,1153,1399
ANC,BET,1036,1147,1399
ORD,BNA,2726,1725,1399
RDU,JFK,,1738,1399
MSP,GRB,1547,1323,1397
JFK,RDU,,1738,1397
MDT,PIT,1465,1451,1393
PIT,MDT,1464,1449,1393
GRB,MSP,1341,1003,1393
DCA,EWR,3189,2726,1393
OAK,SLC,1083,1455,1387
STL,IAD,1565,1403,1386
MDW,PHX,731,903,1385
IAD,STL,1555,1407,1385
PHX,MDW,731,906,1385
MIA,DEN,1336,1436,1385
DEN,MIA,1425,1435,1384
PHL,JAX,1076,1094,1382
DCA,PVD,1327,1014,1381
ELP,LAX,1752,1618,1381
PVD,DCA,1334,1012,1381
CLE,BNA,1356,1372,1379
ELP,HOU,1434,1394,1378
ELP,AUS,1402,1386,1377
ATL,CLE,2830,2022,1377
BNA,MCI,1395,1380,1376
SLC,OAK,1085,1454,1375
ORD,FWA,,1589,1375
FWA,ORD,,1590,1375
RDU,DCA,1232,579,1374
IND,PHX,933,1093,1372
OMA,DFW,1458,1428,1372
DFW,OMA,1460,1428,1371
SLC,SNA,1452,1402,1368
CLT,BDL,1464,1450,1368
SJU,DFW,1388,1406,1367
ELP,SAT,1306,1312,1366
MCI,BNA,1386,1407,1366
SEA,BUR,1035,1101,1366
BUR,SEA,1034,1068,1365
SNA,SLC,1451,1399,1365
LAX,PIT,1648,1730,1363
DFW,SJU,1389,1406,1363
PIT,PVD,1328,1419,1360
BNA,CLE,1365,1374,1360
TVC,ORD,,1520,1360
AUS,ELP,1395,1358,1359
ORD,TVC,,1515,1359
OKC,HOU,1348,1326,1357
ATL,SEA,1091,1292,1355
GEG,PDX,1391,1381,1352
DCA,PHL,1450,1410,1352
PDX,GEG,1382,1359,1352
ICT,STL,2056,2036,1351
TUL,HOU,1677,1606,1350
STL,ICT,2057,2035,1350
RDU,PIT,1447,1383,1348
ELP,IAH,1324,1291,1348
IAH,ELP,1323,1290,1347
MKE,DFW,,1389,1347
DEN,BOI,1297,1390,1346
BOI,DEN,1298,1389,1346
DFW,MKE,,1385,1345
GRB,DTW,1563,1321,1343
CVG,CLE,1800,1585,1342
DTW,GRB,1356,1008,1341
ISP,PVD,585,1351,1340
PVD,ISP,586,1360,1340
PIT,FLL,1118,1243,1338
MLB,ATL,1452,1444,1338
ATL,MLB,1452,1444,1337
IAH,OKC,1387,1387,1335
OKC,IAH,1385,1387,1335
ELP,ABQ,1665,1332,1335
ABQ,ELP,1646,1399,1333
MSP,BNA,1287,1272,1333
HOU,TUL,1673,1533,1332
ORD,SMF,1485,1529,1330
TPA,CMH,1430,1457,1330
MKE,PIT,1418,1404,1328
EWR,MSY,1397,1324,1328
MSY,EWR,1396,1323,1328
LAX,CLT,1571,1450,1328
CMH,TPA,1400,1455,1327
PDX,RNO,1587,1109,1325
JNU,SEA,1229,1242,1323
MCI,IAH,1363,1337,1322
LAS,CLE,1280,1294,1322
IAH,MCI,1363,1337,1321
RDU,STL,1399,1397,1317
SAT,ELP,1340,1342,1317
KTN,SEA,1337,1338,1316
SEA,KTN,1339,1337,1316
PHX,IND,933,1093,1315
STL,RDU,1399,1396,1314
LIT,MEM,1655,1695,1314
PIT,MKE,1417,1405,1314
DEN,CLE,1499,1337,1314
CLE,DEN,1498,1337,1313
CMH,PHL,1775,1660,1312
TUL,ATL,1396,1409,1311
ATL,TUL,1445,1421,1310
SMF,ORD,1318,1237,1309
PIT,RDU,1401,1400,1308
RNO,PDX,1608,1111,1304
MSY,MEM,1309,1369,1303
MEM,MSY,1310,1369,1301
SEA,JNU,1210,1278,1301
MEM,LIT,1655,1668,1300
MCO,SJU,1652,1549,1297
SJU,MCO,1652,1551,1297
ATL,MDW,907,357,1296
MDW,ATL,908,356,1296
MKE,MEM,1096,1062,1295
IND,MEM,1272,1314,1294
OKC,MEM,1289,1338,1294
MEM,MKE,1097,1062,1294
MEM,OKC,1289,1339,1294
MEM,IND,1287,1314,1294
DSM,STL,2068,2031,1293
STL,DSM,2069,2030,1293
CLT,LAX,1589,1520,1292
HSV,DFW,1426,1350,1291
DFW,HSV,1425,1350,1291
LGA,MEM,1284,1346,1290
MEM,MCI,1287,1354,1289
MCI,MEM,1290,1353,1289
SWF,ORD,1278,1192,1289
ORD,SWF,1278,1194,1288
CLT,IAH,2126,1929,1288
SJC,SLC,1335,1292,1285
MEM,VPS,1310,1368,1285
VPS,MEM,1310,1368,1285
SLC,SJC,1326,1292,1283
CLE,LAS,1294,1285,1283
HOU,OKC,1352,1296,1281
PHL,CMH,1555,1338,1280
DTW,ORF,1424,1299,1273
ORF,DTW,1423,1300,1272
MKE,ATL,1414,1057,1268
TXK,DFW,,1737,1264
ATL,MKE,1414,1054,1263
DFW,TXK,,1738,1263
BDL,STL,1455,1448,1261
STL,BDL,1457,1439,1261
RSW,MIA,,2116,1261
RAP,MSP,1275,1335,1258
MSP,RAP,1275,1336,1257
LSE,ORD,,1382,1251
PIT,SFO,1671,1575,1250
ORD,LSE,,1381,1249
MIA,RSW,,2110,1245
BNA,MSP,1254,1243,1244
MIA,SFO,1463,1398,1243
SFO,MIA,1464,1398,1243
JAX,MIA,,1997,1243
ORD,TUS,1076,1154,1242
JFK,ALB,,1387,1241
ALB,JFK,,1385,1241
MIA,JAX,,1989,1238
PIT,DEN,1301,1433,1237
EUG,SFO,1782,1642,1235
SFO,EUG,1780,1642,1235
EWR,MEM,1255,1310,1228
MEM,EWR,1257,1310,1227
ORF,PIT,1058,1094,1223
STL,AUS,1398,1314,1223
AUS,STL,1399,1318,1221
STL,FLL,1328,1134,1220
FLL,STL,1327,1131,1219
PHX,PIT,1356,1420,1218
MEM,LAX,1310,1358,1218
LAX,MEM,1310,1358,1217
PHL,CVG,1447,1345,1217
RIC,DTW,1305,1196,1215
DTW,RIC,1305,1197,1214
DTW,JAX,1096,1106,1210
BTV,ORD,804,806,1209
JAX,DTW,1096,1106,1209
ORD,BTV,804,874,1209
BOS,SJU,1719,1616,1207
SJU,BOS,1717,1614,1207
CLT,PNS,1337,1433,1204
PNS,CLT,1337,1433,1204
PIT,PHX,1355,1422,1200
PIT,ROC,1463,1443,1195
BIL,MSP,1105,1131,1195
MSP,BIL,1106,1133,1195
SEA,PIT,1032,1172,1189
MCO,MEM,1280,1330,1187
MEM,MCO,1281,1330,1186
ROC,PIT,1446,1441,1185
OAK,ORD,1295,1272,1185
ANC,JNU,1169,1181,1182
BUR,DFW,579,731,1180
DFW,BUR,578,733,1180
BDL,TPA,,649,1180
DEN,PIT,1302,1398,1178
DEN,GEG,729,1084,1178
DSM,DEN,1452,1387,1178
TPA,BDL,,650,1178
CLE,MCO,1421,1362,1177
MCO,CLE,1422,1362,1177
GEG,DEN,730,1085,1177
CMH,LGA,931,1813,1176
IAH,RDU,905,908,1173
RDU,IAH,1001,1107,1173
SFO,PIT,1355,1472,1171
MEM,DCA,1242,1040,1170
EWR,MDW,707,427,1168
DCA,MEM,1242,1040,1168
MDW,EWR,708,427,1167
LGA,CMH,933,1814,1153
MEM,LGA,1134,1223,1148
TUS,ORD,1382,1093,1148
MSY,PHX,975,1306,1147
PHX,MSY,973,1306,1147
DEN,MSY,1142,938,1144
MSY,DEN,1142,944,1144
BOS,TPA,2407,1965,1142
TPA,BOS,2409,1960,1142
DTW,GSO,904,1159,1138
GSO,DTW,904,1159,1137
SDF,DFW,1459,1416,1131
DFW,SDF,1457,1418,1130
MCI,PIT,1445,1404,1129
DEN,IND,1393,1208,1129
BDL,RDU,,183,1127
RDU,BDL,,184,1126
CVG,LAS,366,852,1125
LAX,BWI,1524,1514,1124
FLL,ISP,972,1330,1121
ISP,FLL,973,1331,1120
TUS,SAN,1093,1091,1119
DLH,MSP,1031,882,1119
MSP,DLH,1032,882,1119
PIT,MCI,1445,1420,1118
BTV,PHL,1098,1083,1116
MDW,LAS,788,1001,1114
JFK,SEA,915,972,1113
SEA,JFK,916,972,1113
LAS,MDW,788,998,1112
PWM,PHL,1302,1460,1112
PHL,BWI,1078,1193,1111
SFO,DTW,1473,1446,1108
DFW,GSP,,1115,1108
GSP,DFW,,1120,1108
MSY,LAX,785,1051,1104
DTW,MSY,1094,1095,1103
LAX,MSY,785,1052,1103
FLL,DTW,1180,1154,1103
MSP,BDL,1176,1136,1103
BDL,MSP,1176,1137,1102
MSY,DTW,1093,1097,1102
DTW,FLL,1181,1153,1102
SAN,TUS,1092,1088,1101
DFW,MFE,1113,1221,1101
DEN,TUS,1277,1177,1100
MFE,DFW,1113,1224,1100
MSP,TPA,1051,1023,1099
BNA,LAS,1085,1091,1099
TUS,DEN,1277,1178,1098
TPA,MSP,1051,1021,1097
MSP,CVG,1468,1107,1096
CVG,PHX,1447,1195,1095
MSP,MOT,1006,1093,1095
ORD,OAK,1175,1304,1095
TPA,IAD,1949,1613,1095
LAX,KOA,854,1095,1095
KOA,LAX,854,1093,1095
LAX,AUS,1043,1226,1095
MIA,RDU,731,747,1094
MSY,MIA,1098,1096,1094
RDU,MIA,732,747,1094
MOT,MSP,1006,1093,1094
MIA,MSY,1097,1094,1094
IAH,IND,1101,1137,1094
AUS,LAX,1043,1227,1094
CVG,SEA,1092,1030,1093
BNA,PHX,1025,1093,1092
OKC,PHX,1095,1112,1092
JFK,SLC,973,1089,1092
ISP,MDW,731,849,1092
LAS,OMA,1122,1198,1092
MDW,ISP,731,849,1092
PHX,CVG,1447,1200,1092
ANC,MSP,1077,1088,1091
RDU,MSP,996,1095,1091
SLC,JFK,973,1090,1091
AUS,LAS,730,867,1091
MSP,ANC,1078,1089,1091
MCI,BWI,1085,1082,1091
FLL,CVG,1094,1092,1091
FLL,SJU,1420,1277,1090
PHX,OKC,1094,1113,1090
SJU,FLL,1418,1278,1090
BWI,JAX,2129,1794,1090
JNU,ANC,1184,1180,1090
LAS,BNA,1095,1093,1090
MDW,TPA,657,903,1089
DCA,MCO,739,924,1089
OMA,LAS,1129,1192,1089
PDX,ATL,1088,1090,1089
JAX,BWI,2130,1786,1089
MCO,DCA,738,925,1089
TPA,MDW,658,906,1088
DEN,AUS,1046,1112,1088
SLC,BOS,1095,1079,1088
BHM,BWI,1056,1052,1088
AUS,DEN,1046,1111,1088
SLC,SAT,1094,1092,1087
BNA,JAX,1094,1078,1087
LAS,AUS,733,863,1087
FLL,BDL,1098,1165,1086
TUL,PHX,1069,1047,1085
BOS,SLC,1091,1074,1085
BDL,FLL,1098,1165,1085
JAX,BNA,1094,1079,1085
DSM,DFW,907,961,1084
DFW,DSM,905,960,1084
BWI,FLL,2241,1973,1084
DTW,SDF,1165,1285,1083
MFR,SFO,928,1068,1083
SFO,MFR,926,1068,1083
OKC,ATL,1079,1021,1083
FLL,BWI,2239,1976,1083
MHT,PIT,1084,1095,1082
BWI,MCI,1095,1093,1082
PIT,MHT,1093,1095,1082
ATL,OKC,1088,1023,1082
ORF,ORD,964,1749,1082
ORD,ORF,1215,1782,1082
CVG,BWI,1091,1044,1082
PIT,SEA,1189,1245,1081
MSY,CVG,1090,1054,1081
CID,DFW,,1075,1081
DFW,CID,,1072,1081
JAX,STL,1091,1089,1080
JFK,DFW,730,713,1080
DFW,JFK,730,744,1080
CLE,LAX,1318,1331,1080
ICT,DEN,771,1076,1080
DCA,TPA,901,807,1079
STL,JAX,1091,1090,1079
ALB,ATL,1065,1042,1079
DCA,BDL,1338,1012,1079
BWI,BHM,1051,1044,1079
LAX,CLE,1319,1330,1079
BDL,DCA,1328,1011,1079
TPA,DCA,895,807,1079
ORD,GSP,,1424,1079
GSP,ORD,,1425,1079
CVG,MKE,1086,1045,1078
DEN,TUL,1410,1090,1077
DAY,DFW,731,788,1077
CMH,BOS,600,1448,1077
TUL,DEN,1410,1090,1077
MSP,RDU,979,1072,1076
SDF,DTW,1158,1235,1076
IND,IAH,1102,1136,1076
ATL,ALB,1090,1083,1074
DFW,DAY,731,788,1074
DEN,ICT,773,1081,1073
MKE,CVG,1086,1039,1072
BHM,DFW,1096,1093,1072
DFW,BHM,1097,1093,1071
DFW,TYS,609,972,1069
TYS,DFW,608,973,1069
MSP,SNA,1077,985,1068
PHX,LGB,1737,1426,1068
VPS,ATL,,359,1068
ATL,VPS,,360,1068
LGB,PHX,1736,1428,1067
SNA,MSP,1075,985,1067
DEN,CLT,970,1120,1067
CLT,DEN,971,1087,1067
MDW,RDU,1076,1066,1066
RDU,MDW,1091,1085,1065
ORD,TYS,1031,843,1064
TYS,ORD,1030,844,1064
CLE,DFW,2292,1783,1064
CVG,PDX,1088,1091,1063
DFW,CLE,2292,1778,1063
DBQ,ORD,,1321,1063
MSP,SMF,944,1004,1062
ATL,SNA,1092,1086,1062
SMF,MSP,944,1004,1062
ORD,DBQ,,1313,1062
SAN,PIT,1096,1090,1061
ORD,OKC,1095,1088,1061
OKC,ORD,1097,1090,1061
SNA,ATL,1091,1086,1061
PHX,BNA,1025,1092,1061
PDX,CVG,1087,1090,1061
CVG,SFO,1456,1394,1060
PIT,SAN,1097,1086,1059
IAH,SJC,1154,1300,1059
ONT,SLC,1089,1084,1059
SMF,SLC,1457,1088,1059
BOI,PDX,1094,1064,1059
MSP,BOI,819,935,1059
ABQ,MCI,1070,1063,1058
BNA,MSY,1061,1068,1058
SJC,IAH,1154,1300,1058
BOI,MSP,818,934,1057
SLC,SMF,1457,1086,1056
PDX,BOI,1083,1063,1056
ABQ,TUS,366,780,1055
PDX,ONT,1026,1005,1055
ONT,PDX,1063,1024,1055
MCI,ABQ,1080,1052,1055
SFO,CVG,1451,1385,1055
BUR,PDX,1065,1060,1054
SLC,ONT,1092,1073,1053
RIC,DFW,730,934,1053
PDX,BUR,1062,1026,1053
DFW,RIC,1096,1054,1052
BOS,CMH,600,1443,1052
FLL,RDU,,172,1052
ORF,DFW,1097,1059,1050
JAX,IAH,974,984,1050
IAH,JAX,974,984,1050
RDU,FLL,,172,1050
PDX,SNA,769,1020,1049
DFW,ORF,731,939,1049
SNA,PDX,786,1023,1049
BOI,RNO,1047,1033,1047
MCI,TUL,1393,1344,1047
PHX,TUL,1079,1084,1047
MCI,PHL,1435,1332,1047
MCI,CVG,1085,1082,1046
IND,BWI,502,1052,1045
ATL,BTR,1088,1056,1044
BTR,ATL,1081,1053,1043
IAH,OAK,399,820,1043
OAK,IAH,398,819,1043
BWI,IND,502,1051,1043
CVG,MCI,1083,1082,1042
TUL,MCI,1385,1278,1042
SFO,CLT,1255,1429,1040
STL,SNA,985,786,1039
SNA,STL,975,779,1039
IND,DEN,1388,1208,1039
ORF,BOS,,1055,1038
BOS,ORF,,1055,1037
PIT,DTW,2363,2590,1036
HOU,ELP,1064,1078,1036
MSY,BNA,1046,1055,1035
RNO,BOI,1036,1032,1035
BOI,GEG,1036,1034,1031
CLT,SFO,1246,1343,1026
PDX,STL,974,1154,1025
STL,PDX,973,1154,1025
PWM,PIT,1080,1055,1024
SEA,BOI,1071,1055,1023
MSP,SJC,965,993,1022
SJC,MSP,964,993,1022
GEG,BOI,1045,1004,1022
BOI,SEA,1059,1037,1021
GRR,DFW,,1089,1021
DFW,GRR,,1088,1021
IAH,CMH,1051,1039,1019
AVP,PIT,1158,1081,1017
PIT,AVP,1158,1088,1017
BNA,PIT,1448,1427,1016
DTW,RSW,1130,1053,1015
RSW,DTW,1128,1054,1015
MSP,CMH,1334,1026,1015
MDW,PVD,1069,1045,1013
CLT,BUF,1098,1088,1008
PIT,BNA,1458,1420,1007
BUF,CLT,1092,1089,1007
ABE,PIT,1464,1454,1006
PIT,ABE,1464,1453,1006
JFK,BDL,175,1371,1003
PVD,MDW,1067,1008,1001
BDL,JFK,175,1371,1001
CMH,IAH,1050,1023,1000
EWR,SAN,947,1002,995
SAN,EWR,948,1002,995
DEN,MCO,1475,1117,993
BDL,PBI,1098,1149,993
PBI,BDL,1097,1148,993
BNA,BHM,966,1001,993
MCO,PHX,741,817,992
PHX,MCO,741,817,991
DTW,FNT,1192,1140,991
JAX,TPA,844,1005,990
FNT,DTW,1190,1138,990
LEX,ATL,1428,1445,989
MCO,DEN,1839,1390,988
MEM,TPA,1110,1112,987
DTW,MDT,894,894,987
TPA,MEM,1108,1114,987
MDT,DTW,990,895,987
IAH,IAD,883,1161,985
PHL,GSO,1464,1432,984
IAD,IAH,883,1146,984
STL,SMF,826,824,983
SMF,STL,827,824,983
BWI,LAX,1170,1223,983
CLE,CVG,1439,1227,983
IAD,TPA,1953,1614,982
TPA,JAX,803,984,982
CVG,RDU,1086,1051,981
PIT,ORF,1056,1076,980
LGA,BNA,993,1033,980
AVL,CLT,1584,1586,980
BNA,LGA,993,1034,979
CLT,AVL,1584,1586,979
PBI,BWI,732,1214,977
DTW,ROC,1196,1006,975
ROC,DTW,1195,1007,975
BHM,BNA,953,1001,975
MEM,BNA,1028,789,974
BNA,MEM,1037,756,973
SLC,EWR,1090,1004,972
EWR,SLC,1090,1011,971
RDU,CVG,1076,1047,971
JFK,PIT,,1335,971
DTW,PIT,1965,2293,970
IAD,SLC,728,839,970
SLC,IAD,730,839,969
BOS,CLE,1693,1373,968
PIT,JFK,,1336,968
PBI,PHL,1295,1181,966
CLE,BOS,1689,1373,965
MIA,PIT,785,1071,963
MSY,MSP,896,992,963
MSP,MSY,896,991,963
ATL,SHV,1088,1084,962
JAX,EWR,1035,1001,958
EWR,JAX,1035,1002,958
LGA,PVD,,1765,958
PVD,LGA,,1763,958
BWI,PBI,732,1216,957
PHL,MCI,1406,1144,956
DLH,ORD,,1040,950
PWM,LGA,,1552,950
LGA,PWM,,1551,949
PHL,SEA,925,1051,946
ORD,DLH,,1035,946
DEN,RNO,730,745,945
RNO,DEN,730,745,945
ATL,SMF,576,751,941
PHX,TPA,366,571,941
TPA,PHX,366,571,940
ORF,STL,1067,1084,940
STL,ORF,1046,1085,940
DEN,SAT,914,906,939
MSP,GFK,1024,566,939
SAT,DEN,912,907,939
GFK,MSP,1023,568,938
MCO,IND,1574,1339,938
IND,MCO,1575,1337,937
MHT,ATL,,608,937
DTW,PBI,975,930,935
SMF,ATL,576,747,935
ATL,MHT,,608,935
PBI,DTW,975,930,934
SFO,PSP,936,934,933
PSP,SFO,935,934,933
RSW,STL,1052,967,933
MCO,MCI,1726,1622,932
BOS,PHX,1382,1055,931
STL,RSW,1051,967,931
MCI,MCO,1725,1623,931
SJC,AUS,974,1096,931
DEN,DSM,1093,1023,930
AUS,SJC,974,1096,929
PHX,BOS,1381,1060,929
JFK,STL,1426,1433,928
STL,JFK,1483,1436,928
TPA,JFK,702,730,927
JFK,TPA,727,727,925
MSP,RST,808,749,924
RST,MSP,809,748,924
GEG,MSP,839,904,922
MSP,GEG,840,905,922
CVG,RIC,1167,1009,918
CLT,MKE,726,729,916
PIT,LAS,852,1000,916
LAS,PIT,850,996,915
PIT,SDF,1431,1423,914
BHM,MEM,851,772,913
MEM,BHM,854,803,913
ORD,ELP,823,893,910
IAD,JFK,,353,910
JNU,SIT,820,889,909
PIT,MIA,833,1088,909
ELP,ORD,823,893,909
GSO,PHL,1463,1425,909
JFK,IAD,2,353,909
MEM,RDU,715,987,906
SDF,PIT,1423,1425,905
MEM,PHL,1041,959,903
MKE,CLT,726,730,902
ORD,BMI,,1435,901
BMI,ORD,,1434,901
PHL,MEM,1042,961,900
TPA,CLE,963,952,895
RDU,MEM,724,971,891
PVD,EWR,718,1125,885
EWR,PVD,718,1123,884
PHL,PBI,1302,1181,881
CLE,TPA,965,951,880
BWI,MIA,1098,1004,880
MIA,BWI,1097,1004,880
BOS,PBI,1647,1663,878
EWR,RSW,981,1551,877
AUS,MSP,689,966,877
RSW,EWR,978,1551,877
MSP,AUS,688,966,877
PBI,BOS,1647,1664,876
ORD,RSW,660,687,873
CVG,SDF,1451,1318,873
RSW,ORD,659,687,873
BZN,MSP,1123,912,872
MSP,BZN,1123,912,872
PIT,STL,3039,3031,869
OGG,SFO,815,1042,860
SFO,OGG,815,1044,860
EWR,SNA,977,957,856
COS,STL,820,930,855
SNA,EWR,976,958,855
STL,COS,822,929,855
PHL,IND,2126,2011,853
STT,SJU,519,1014,848
ANC,SLC,848,849,847
SLC,ANC,851,851,847
MSO,SLC,756,723,846
SLC,MSO,879,851,845
COS,ATL,719,716,843
ATL,COS,729,724,843
SEA,PHL,1080,1122,842
TVC,DTW,963,1001,842
ORD,CHA,,1032,842
CHA,ORD,,1033,842
DTW,TVC,959,1001,840
OME,ANC,688,799,840
RIC,BOS,168,1176,840
BOS,RIC,168,1175,839
SIT,JNU,855,853,839
IAH,TUS,826,779,838
ANC,OTZ,630,766,838
TUS,IAH,827,778,838
IND,EWR,930,924,837
ATL,LEX,1089,1086,836
DFW,RNO,1822,1425,832
RNO,DFW,2176,1574,832
SDF,CLT,1097,1095,831
DTW,SAN,744,732,821
MSP,MIA,864,709,821
SAN,DTW,746,733,821
SLC,FCA,721,725,821
CLT,SDF,1089,1095,820
MIA,MSP,865,709,820
MHT,MCO,462,736,819
MCO,MHT,463,738,819
EWR,IND,931,925,819
STL,PIT,3036,3046,818
TPA,PVD,745,730,817
PVD,TPA,745,729,817
BNA,PHL,1080,1072,808
PHL,BNA,1098,1083,808
MSP,MSO,744,824,807
MSO,MSP,743,824,807
GSP,DTW,1329,1015,807
DTW,GSP,1330,1013,807
OAK,MDW,,,806
MDW,OAK,,,805
RDU,CMH,,160,800
MSP,ABQ,735,730,799
ABQ,MSP,735,730,798
RIC,CVG,812,717,795
PIT,DAY,1467,1262,794
IND,PHL,1789,1693,791
SJU,CLT,522,720,789
PHX,RDU,,86,789
RDU,PHX,,86,788
OAK,JFK,,,786
JFK,OAK,,,786
IAD,SAN,1083,989,782
SAN,IAD,1077,983,782
EWR,BUF,1572,1058,779
BUF,EWR,1573,1059,777
RSW,BOS,960,1001,774
BOS,RSW,959,1000,773
IAH,BNA,1039,966,766
GSO,DFW,731,697,765
DFW,GSO,731,696,765
STL,MEM,494,662,758
DAY,STL,1687,1319,754
ORD,PBI,946,904,754
PBI,ORD,946,903,753
PDX,IAH,932,1012,753
IAH,PDX,930,1012,752
STL,DAY,1684,1316,752
BRW,FAI,726,735,751
FAI,BRW,941,868,751
BNA,STL,2051,2056,750
CMH,RDU,,161,750
STL,BNA,2051,2053,748
TPA,DEN,810,776,748
DFW,PSP,799,778,746
PSP,DFW,800,779,746
BNA,IAH,1039,932,744
EWR,MCI,1286,1160,743
DEN,TPA,809,775,742
COS,MSP,745,742,741
MSP,COS,745,742,741
MCI,EWR,1285,1159,740
CLE,FLL,841,1006,740
LAS,BOS,1091,786,739
ANC,DUT,662,608,738
DUT,ANC,662,608,738
BWI,SFO,1081,974,737
BOS,LAS,1091,796,737
FLL,CLE,829,1014,735
SRQ,CLT,1196,1094,735
CLT,SRQ,1196,1094,734
ATL,JFK,1205,1030,734
MSY,PHL,732,732,733
HLN,SLC,601,726,731
ABE,DTW,805,621,731
DTW,ABE,902,622,731
MEM,DEN,989,883,731
PVD,PHX,366,710,730
SNA,PIT,732,728,730
ORD,RNO,1092,977,730
PHL,SAN,744,828,730
MCO,SLC,731,729,730
PIT,SNA,732,728,730
CLT,SYR,366,395,730
ISP,TPA,877,730,730
HOU,LGA,974,904,730
ALB,MCO,1150,1000,730
MDW,MCO,731,731,730
SLC,MCO,730,729,730
MCO,MDW,729,729,730
ONT,MSP,731,730,730
MSP,ONT,731,730,730
RNO,ORD,1093,977,730
ATL,PDX,728,728,730
SAN,PHL,745,823,730
JFK,DTW,1412,996,730
SEA,FAI,671,701,730
ABQ,HOU,700,727,730
BWI,HOU,563,728,730
TPA,ISP,879,730,730
DTW,JFK,1413,993,730
BOI,LAS,732,728,730
HOU,ABQ,710,749,730
MCO,ABQ,366,634,730
CLT,ALB,366,605,730
MCO,ALB,1149,1001,730
JFK,ATL,1337,1029,730
LAS,BOI,731,730,730
HOU,BWI,562,728,730
ROC,CLT,366,696,730
CLT,MHT,,60,730
PHX,PVD,365,710,729
MEM,SAT,1094,1003,729
OAK,MCI,729,729,729
JAN,MDW,731,730,729
DEN,MEM,989,911,729
SAT,MEM,1094,1005,729
LAN,MSP,547,721,729
FLL,MSY,365,425,729
PHL,MSY,732,728,729
SLC,OKC,722,689,729
LAS,ELP,1083,858,729
CVG,FLL,732,729,729
DCA,FLL,805,1171,729
MDW,JAN,732,730,729
MSP,LAN,547,721,729
ELP,LAS,1084,866,729
SYR,ATL,742,716,729
DEN,BIL,729,728,729
SFO,BWI,1188,1122,729
SYR,CLT,366,395,729
FLL,DCA,804,1167,729
BIL,DEN,729,728,729
JFK,PVD,,1348,729
CLE,JFK,,970,729
MCO,ORF,,171,729
MHT,CLT,,59,729
TPA,RDU,784,726,728
ATL,ROC,1043,994,728
BNA,SAN,386,729,728
CVG,SAN,1093,817,728
BZN,SLC,725,725,728
BHM,TPA,702,697,728
RDU,TPA,784,725,728
ABQ,MCO,366,636,728
MSY,FLL,366,425,728
BHM,HOU,794,922,728
LGA,HOU,983,911,728
ATL,ABQ,1056,862,728
PWM,ATL,729,725,728
HOU,BHM,780,962,728
MHT,BNA,388,719,728
SAN,BNA,387,729,728
MIA,CVG,1054,692,728
SEA,CVG,729,669,728
MDW,FLL,295,634,728
PVD,JFK,,1351,728
ORF,MCO,,171,728
ATL,PWM,727,725,727
FAI,SEA,670,702,727
STL,SJC,948,963,727
MCI,OAK,731,730,727
ATL,OMA,998,724,727
ABQ,ATL,1045,853,727
OMA,ATL,969,721,727
SLC,BZN,731,728,727
ABQ,CVG,719,721,727
PBI,CVG,729,728,727
SAN,CVG,1084,817,727
CVG,PWM,1087,846,726
JFK,SAN,856,1055,726
CVG,SAT,729,725,726
RNO,SLC,1764,1121,726
SJC,STL,983,981,726
ATL,SYR,755,660,726
AUS,MEM,1069,986,726
BNA,MHT,388,720,726
CVG,PBI,726,725,726
ORD,GSO,1173,1879,726
SLC,GTF,730,727,726
MDW,HOU,633,725,726
SAN,JFK,856,1054,726
CVG,ABQ,724,725,726
ANC,ADQ,728,726,726
ADQ,ANC,728,720,726
MEM,AUS,1070,988,726
PVD,BNA,706,695,726
TUS,SEA,182,695,726
SEA,TUS,183,730,726
JFK,CLE,,968,726
ORF,JAX,,171,726
JAX,ORF,,171,726
MKE,PHX,759,727,725
OKC,SLC,727,684,725
PHX,MKE,760,727,725
BWI,JAN,727,725,725
LBB,AUS,731,720,725
MDW,BHM,685,692,725
AUS,CVG,453,722,725
PWM,CVG,1085,846,725
SDF,CVG,1087,958,725
FLL,MDW,295,636,725
CVG,PVD,730,730,724
SLC,RNO,1761,1121,724
GSO,ORD,1070,1848,724
TUS,ABQ,366,508,724
DEN,BUR,726,716,724
PVD,CVG,730,728,724
BUR,DEN,726,716,724
HRL,SAT,713,717,723
LAS,TPA,781,537,723
PWM,ORD,727,983,723
PIT,PBI,693,847,723
ROC,ATL,1017,954,723
CVG,AUS,449,719,723
JAN,BWI,728,718,723
PHL,SLC,729,726,722
SAT,HRL,722,720,722
TPA,LAS,783,539,722
DCA,PHX,172,621,722
LAX,MDW,,,722
MDW,LAX,,,722
ORD,PWM,1029,1075,721
PSC,SLC,1089,808,721
CVG,ALB,1091,695,721
PHX,DCA,173,626,721
SLC,PSC,1088,991,720
CLT,ROC,366,692,720
ALB,CVG,1086,721,720
SAT,CVG,723,690,720
CLE,MIA,752,723,719
BNA,BDL,659,720,719
DFW,FWA,,774,719
FWA,DFW,,777,719
ATL,TUS,,,719
ATL,SJC,752,1060,718
MEM,STL,361,522,718
SLC,PHL,730,726,718
ALB,CLT,366,605,718
SMF,IAH,482,740,718
DTW,SJC,,476,718
SJC,DTW,,476,718
HNL,DFW,1093,816,717
DFW,HNL,1096,820,717
CMH,BWI,1,545,717
TUS,ATL,,1,717
IAH,SMF,482,742,716
MAF,ABQ,675,694,715
BWI,CMH,1,538,715
MSP,RNO,731,730,714
RIC,STL,704,723,714
RNO,MSP,731,730,714
SJC,ATL,750,1058,714
DTW,BHM,676,563,714
STL,RIC,715,723,713
BHM,DTW,679,594,713
MSP,SAT,397,711,713
SAT,MSP,396,711,713
SDF,MSP,725,729,712
OAK,ABQ,699,697,712
MSP,SDF,721,696,711
MIA,CLE,752,722,710
CVG,LEX,1084,1014,709
TPA,BHM,710,708,709
BNA,ISP,803,981,708
CVG,JAX,722,724,708
ISP,BNA,802,983,708
JAX,CVG,721,724,708
LEX,CVG,1076,1012,708
MDW,MHT,704,703,707
MDW,BDL,719,703,707
MHT,MDW,704,701,706
IAH,PBI,697,690,706
PBI,IAH,698,689,706
BDL,MDW,720,693,705
BHM,MDW,695,705,705
HOU,MDW,633,712,705
ABQ,OAK,685,697,705
BNA,PVD,705,684,704
BIL,SLC,1089,1029,704
AUS,BNA,693,695,704
SLC,BIL,1089,1029,703
CLE,SFO,950,841,702
MEM,JAX,731,644,701
BNA,AUS,690,696,701
JAX,MEM,731,643,700
BTV,PIT,732,710,699
MSY,PIT,759,768,699
LAX,FLL,366,364,699
FLL,LAX,366,365,699
CLT,SEA,570,838,697
JFK,PBI,333,122,697
PBI,JFK,333,122,697
GPT,MEM,1079,867,696
MEM,GPT,1079,868,696
MCO,ISP,1521,1023,696
ISP,MCO,1519,1024,695
SEA,CLT,569,837,695
BHM,SDF,673,710,694
ABQ,LBB,691,671,694
IAH,ONT,824,695,693
SDF,BHM,712,681,693
DAY,PIT,1096,993,692
ONT,IAH,824,696,691
ABQ,AMA,681,682,691
LBB,ABQ,940,685,690
COS,LAX,747,1001,688
LAX,COS,746,999,688
CLE,RSW,683,757,687
RSW,CLE,688,757,687
PBI,PIT,721,735,686
BHM,CVG,1049,691,686
PIT,MSY,758,747,685
CVG,BHM,723,691,685
AUS,LBB,721,686,684
IAH,HNL,366,451,681
HNL,IAH,366,451,681
ATL,ELP,365,414,680
ELP,ATL,366,387,680
MHT,EWR,454,849,679
CVG,TUS,723,726,678
EWR,MHT,455,851,678
MAF,HOU,639,654,678
TUS,CVG,724,687,678
BDL,BNA,660,730,677
SFO,CLE,949,848,672
ORD,HSV,,966,672
CLT,PHX,739,794,671
HNL,SEA,700,659,671
SEA,HNL,700,659,671
HSV,ORD,,971,671
AMA,ABQ,681,682,670
BNA,BOS,,1007,665
MIA,STT,631,672,664
BOS,BNA,,1006,664
STT,MIA,631,672,663
AUS,MAF,670,624,661
CMH,EWR,2172,1345,660
CLE,DCA,1552,1056,659
HOU,MAF,682,650,655
DCA,CLE,1540,1055,655
CLT,MDT,732,730,654
MDT,CLT,732,730,654
PHX,CLT,740,793,654
DAY,CLT,732,730,652
CMH,BNA,671,632,651
ABQ,ORD,713,624,650
ORD,ABQ,715,623,650
BHM,IAH,672,639,647
MSP,BUF,483,636,647
IAH,BHM,672,641,646
BNA,CMH,671,641,644
BUF,MSP,484,633,643
MSP,PVD,,,642
PVD,MSP,,,642
EWR,CMH,1809,1238,639
JFK,MSP,245,578,637
GTF,MSP,680,621,636
MSP,GTF,680,620,636
MSP,JFK,245,579,636
ABQ,SLC,1032,702,634
FAT,DFW,366,364,632
DFW,FAT,366,364,632
CVG,JFK,830,697,630
JFK,CVG,710,697,629
GEG,PHX,862,753,629
PHX,GEG,864,753,629
MSP,LSE,440,374,628
LSE,MSP,439,374,628
ORF,LGA,909,1413,626
LGA,ORF,908,1413,626
SJU,STL,419,613,622
SJC,JFK,762,931,621
JFK,SJC,762,932,620
STL,SJU,419,600,620
BOS,MEM,968,971,620
MEM,BOS,969,970,619
EWR,AUS,810,759,617
MDW,SAN,,,617
SAN,MDW,,,617
AUS,EWR,829,780,616
MAF,AUS,668,610,615
BOS,SJC,832,971,614
SJC,BOS,1031,971,613
IAH,PNS,715,678,610
PNS,IAH,716,678,609
ATL,OAK,,421,609
OAK,ATL,,420,608
TPA,LAX,852,727,607
ANC,OME,464,486,607
CVG,RSW,941,847,606
LAX,TPA,847,725,606
OTZ,ANC,406,453,605
RSW,CVG,938,844,605
PHX,DSM,,65,605
DSM,PHX,,65,605
GTF,SLC,795,728,604
SLC,ABQ,702,727,603
BOI,PHX,775,698,601
PHX,BOI,777,697,601
COS,ORD,742,700,600
SAV,DFW,,993,600
COS,IAH,732,777,599
BDL,SJU,366,478,598
SHV,ATL,724,717,598
SJU,BDL,366,478,598
IAH,COS,732,777,598
ORD,COS,738,700,598
DFW,SAV,,987,597
MDW,SEA,,,593
SEA,MDW,,,593
TPA,SJU,384,617,592
SJU,TPA,383,617,592
LAX,LIH,366,365,586
LIH,LAX,366,364,586
ANC,PDX,727,793,585
DTW,PDX,636,612,585
PDX,DTW,637,612,585
PDX,ANC,729,794,585
CLT,SAN,570,827,584
SAN,CLT,569,828,584
IAD,MSY,741,645,582
MSY,IAD,741,645,580
FCA,SLC,607,608,578
CMH,DEN,728,697,577
CVG,MHT,,182,574
KOA,SFO,366,368,573
ATL,ONT,547,547,573
SFO,KOA,366,368,573
ONT,ATL,549,546,573
MHT,CVG,,182,571
SJU,IAD,453,521,569
MSP,RSW,401,489,558
RSW,MSP,403,489,557
ANC,ORD,390,544,557
ORD,ANC,389,545,557
PHL,RSW,1070,928,551
DEN,JAC,459,447,550
JAC,DEN,459,445,550
PIT,PWM,701,724,548
CLT,DAY,732,730,548
ATL,STT,528,533,546
STT,ATL,527,533,546
DSM,MSP,325,531,543
MSP,DSM,397,555,543
BOS,SEA,441,413,540
SEA,BOS,442,413,540
PSP,SEA,543,571,529
SEA,PSP,542,572,528
CLT,SJU,472,469,527
IAH,RSW,373,475,526
RSW,IAH,374,475,526
DEN,CMH,722,698,518
ORF,CVG,1146,686,505
DCA,PBI,883,802,504
PBI,DCA,886,802,503
BUF,LGA,2056,1622,500
LGA,BUF,2053,1623,500
PSP,ORD,550,504,498
RSW,PHL,1080,929,498
ORD,PSP,548,504,497
CID,STL,2487,2351,497
MEM,SEA,823,746,496
SEA,MEM,823,745,496
STL,CID,2484,2350,494
LAS,IND,638,612,493
MSY,DCA,674,492,493
DCA,MSY,675,515,492
PIT,GSO,728,710,492
IAD,SJU,448,478,490
CVG,PIT,1079,720,483
PIT,CVG,1078,715,483
OTZ,OME,476,524,475
BWI,SJU,365,407,474
SJU,BWI,366,407,473
ONT,STL,918,542,470
MEM,MIA,918,759,470
STL,ONT,902,534,470
OAK,IAD,,,469
IAD,OAK,,,469
ORD,ICT,1062,1103,466
LAS,CLT,733,681,465
LAS,IAD,474,591,464
CLT,LAS,730,683,464
IAD,LAS,474,592,464
FLL,MSP,275,259,463
DTW,PWM,518,729,462
PWM,DTW,517,730,462
MSP,FLL,274,259,462
ICT,ORD,1063,1108,460
PBI,BNA,,686,460
BNA,PBI,,686,460
BGR,LGA,,376,459
LGA,BGR,,378,457
LFT,DFW,,2122,456
MEM,SFO,820,651,455
MSY,LGA,366,331,455
SFO,MEM,822,652,455
LGA,MSY,366,331,455
KTN,JNU,441,455,455
JNU,KTN,440,455,454
DFW,LFT,,2116,453
TPA,MHT,,296,452
MHT,TPA,,296,451
MIA,MEM,865,705,450
IAH,SDF,675,644,446
BNA,EWR,637,622,446
SDF,IAH,675,644,446
PHX,IAD,388,365,441
IAD,PHX,387,365,440
IND,LAS,638,612,438
XNA,LGA,,498,438
PHL,LGA,375,369,435
LGA,PHL,367,366,434
RSW,PIT,641,730,432
OMA,MEM,365,365,432
MEM,OMA,365,365,432
BDL,MIA,366,365,429
LGA,XNA,,494,429
MIA,BDL,365,365,428
SAT,SLC,366,364,425
SJU,STT,365,639,424
EWR,BNA,638,587,423
LIH,SFO,150,386,422
SFO,LIH,150,386,422
DFW,BOI,,,421
BOI,DFW,,,419
MSP,TUS,504,368,416
TUS,MSP,504,369,416
CMH,MEM,,111,406
EWR,SRQ,467,440,405
SRQ,EWR,467,440,405
IAH,SJU,214,398,405
SJU,IAH,214,398,405
MEM,CMH,,112,405
ORD,LGB,491,,400
GEG,ORD,461,430,399
LGB,ORD,494,,399
ORD,GEG,461,430,399
BOI,ORD,456,421,395
ORD,BOI,455,421,395
BDL,CLE,587,355,388
CLE,BDL,902,543,387
CVG,ORF,786,359,386
LAX,HOU,620,837,386
HOU,LAX,621,837,386
MBS,MSP,559,553,384
BPT,DFW,,1728,384
MEM,PHX,334,380,381
PHX,MEM,335,379,381
DFW,BPT,,1753,381
CRP,IAH,430,440,377
IAH,CRP,428,440,377
MCO,RDU,1429,425,376
RDU,MCO,1429,426,376
HOU,MCO,,160,376
HNL,MSP,147,373,375
MSP,HNL,147,374,375
MCO,HOU,,160,375
BWI,MSY,1097,971,374
FCA,GTF,512,391,374
MSY,BWI,1097,971,374
LAX,SAT,696,694,373
GTF,FCA,510,389,373
SAT,LAX,697,681,373
DTW,AZO,564,546,371
MCO,SFO,366,365,370
SFO,MCO,366,365,370
AZO,DTW,473,547,370
MIA,LAS,366,363,370
LGB,JFK,,,370
LAS,MIA,366,363,369
JFK,LGB,,,369
ANC,SCC,364,373,368
SCC,ANC,364,421,368
JAX,IND,366,365,367
BUF,MCO,132,419,367
MCO,BUF,132,419,367
SDF,MCO,1234,938,366
BHM,PHX,366,365,365
FLL,PHX,366,365,365
LIT,PHX,363,365,365
MIA,PHX,366,365,365
SDF,PHX,365,365,365
MCI,PVD,366,365,365
ELP,SAN,948,619,365
MCI,SAN,366,365,365
BNA,SAT,366,365,365
BWI,SAT,365,365,365
MCO,SAT,365,365,365
TPA,SAT,366,385,365
MCO,SDF,1233,936,365
PHX,SDF,366,365,365
ABQ,SEA,366,365,365
BNA,SEA,365,365,365
MCI,SEA,366,365,365
KTN,SIT,365,364,365
IAD,SJC,714,623,365
BWI,SLC,72,368,365
BHM,STL,365,364,365
PHL,STT,366,365,365
MIA,STX,366,365,365
STT,STX,366,365,365
ABQ,TPA,366,365,365
AUS,TPA,366,365,365
IND,TPA,365,364,365
MCI,TPA,366,365,365
SAT,TPA,366,385,365
LAS,TUL,108,364,365
OKC,TUL,724,607,365
LAS,LBB,366,365,365
HOU,LIT,366,365,365
MDW,LIT,365,365,365
PHX,LIT,366,365,365
ABQ,MAF,367,365,365
LAS,MAF,366,365,365
IND,MCI,365,365,365
MHT,MCI,365,365,365
PDX,MCI,365,365,365
PVD,MCI,365,365,365
SAN,MCI,366,365,365
SEA,MCI,366,365,365
TPA,MCI,366,365,365
AUS,MCO,366,364,365
BHM,MCO,366,365,365
JAN,MCO,366,366,365
SAT,MCO,366,365,365
ABQ,MDW,50,172,365
LIT,MDW,366,365,365
LAS,MEM,366,365,365
MCI,MHT,366,364,365
BNA,MIA,366,334,365
PHX,MIA,366,364,365
STX,MIA,366,365,365
IND,MSY,366,365,365
JAX,MSY,365,365,365
SFO,MSY,366,368,365
BNA,OAK,366,364,365
BOI,OAK,366,365,365
GEG,OAK,366,365,365
TUL,OKC,762,621,365
HNL,ORD,730,409,365
IAD,PDX,366,460,365
MCI,PDX,366,365,365
STX,PHL,366,365,365
SNA,DTW,468,365,365
MAF,ELP,351,346,365
SAN,ELP,731,619,365
HNL,EWR,350,365,365
BNA,FLL,366,366,365
PHX,FLL,366,363,365
OAK,GEG,366,365,365
SLC,HLN,417,484,365
EWR,HNL,351,365,365
ORD,HNL,731,410,365
LIT,HOU,366,365,365
AUS,HRL,366,365,365
BDL,IAD,2179,1119,365
PDX,IAD,366,460,365
SJC,IAD,715,717,365
RNO,IAH,365,365,365
MCI,IND,365,363,365
MSY,IND,366,365,365
TPA,IND,365,364,365
MCO,JAN,365,365,365
IND,JAX,366,365,365
MSY,JAX,365,365,365
SIT,KTN,364,365,365
AMA,LAS,365,365,365
MAF,LAS,366,365,365
MEM,LAS,365,365,365
MSY,LAS,651,365,365
TUL,LAS,107,365,365
SEA,ABQ,366,365,365
TPA,ABQ,365,365,365
LAS,AMA,366,365,365
HRL,AUS,366,364,365
MCO,AUS,366,365,365
TPA,AUS,365,365,365
IAD,BDL,2173,1111,365
JAX,BHM,366,365,365
MCO,BHM,366,365,365
PHX,BHM,366,365,365
STL,BHM,365,365,365
FLL,BNA,366,365,365
MIA,BNA,366,333,365
OAK,BNA,365,365,365
SAT,BNA,365,365,365
SEA,BNA,366,365,365
OAK,BOI,366,365,365
SAT,BWI,366,365,365
SLC,BWI,72,368,365
MCI,SMF,295,365,365
SMF,MCI,295,365,365
BNA,ONT,295,365,365
ONT,BNA,295,365,365
SAN,AUS,274,570,365
ALB,LAS,239,365,365
LAS,ALB,239,365,365
BWI,AUS,180,365,365
AUS,BWI,180,365,365
MSY,SAN,148,364,365
SAN,MSY,148,365,365
LAX,IND,148,365,365
JAX,ISP,148,365,365
ISP,JAX,148,365,365
IND,LAX,148,365,365
MCI,RDU,110,365,365
MCI,SJC,110,365,365
RDU,MCI,110,365,365
SJC,MCI,110,365,365
BUF,PHX,85,365,365
LAS,SDF,64,365,365
BUF,LAS,85,365,365
SDF,LAS,64,365,365
LAS,BUF,85,365,365
PHX,BUF,85,365,365
DFW,OGG,40,365,365
OGG,DFW,40,364,365
BHM,LAS,22,365,365
BWI,ABQ,22,365,365
LAS,BHM,22,365,365
ABQ,BWI,22,365,365
MEM,FLL,,352,365
BWI,LIT,,324,365
LIT,LAS,,324,365
LAS,LIT,,324,365
LIT,BWI,,323,365
ABQ,PDX,,275,365
PDX,ABQ,,275,365
PBI,ISP,,111,365
ISP,PBI,,111,365
HNL,SLC,,121,365
SLC,HNL,,122,365
SAN,SAT,,61,365
SAT,RDU,,61,365
LAS,ORF,,86,365
ORF,LAS,,86,365
IAH,RNO,365,365,364
TPA,SDF,365,364,364
MSY,SFO,366,367,364
DTW,SNA,466,365,364
SDF,TPA,365,364,364
ELP,LBB,366,365,364
EWR,PDX,363,499,364
PDX,EWR,363,499,364
GTF,HLN,301,364,364
STL,HNL,366,363,364
BHM,JAX,366,365,364
LBB,LAS,356,353,364
MDW,ABQ,50,172,364
CVG,BNA,691,328,364
AUS,SAN,274,573,364
RDU,AUS,274,573,364
FLL,MEM,,352,364
OAK,MSY,,60,364
MSY,OAK,,60,364
DCA,SEA,,,364
SEA,DCA,,,364
JNU,PSG,364,363,363
WRG,PSG,364,363,363
HNL,STL,369,402,363
KTN,WRG,364,363,363
PSG,WRG,364,363,363
CDV,YAK,364,362,363
JNU,YAK,363,362,363
ELP,MAF,617,356,363
CVG,MIA,1065,595,363
LAS,MSY,650,356,363
PSG,JNU,364,363,363
YAK,JNU,364,363,363
WRG,KTN,364,363,363
CDV,ANC,364,363,363
PIT,BTV,357,365,363
ANC,CDV,364,363,363
YAK,CDV,364,363,363
AUS,RDU,274,561,363
RDU,SAT,,52,363
SAT,SAN,,52,363
CVG,SYR,696,361,362
MCO,TPA,229,359,361
IAH,OMA,344,364,361
OMA,IAH,344,364,361
BNA,CVG,692,364,361
IND,CVG,723,695,361
CVG,IND,721,691,360
SYR,CVG,695,323,360
JFK,STT,314,304,359
STT,JFK,314,304,359
LAX,CMH,314,335,359
TUL,SLC,362,339,358
AVP,PHL,366,365,358
LAS,FLL,365,364,358
FLL,LAS,365,365,358
PHL,AVP,366,359,358
SLC,TUL,363,336,357
TPA,MCO,197,360,357
CMH,LAX,313,335,357
HPN,DTW,749,703,356
MCO,LAS,784,660,356
PIT,RSW,642,731,355
LAS,MCO,781,657,355
DTW,HPN,749,701,355
DRO,DFW,118,138,354
DFW,DRO,118,139,354
OGG,STL,297,363,354
CLT,ABE,366,365,353
ABE,CLT,366,364,353
EWR,SJC,673,799,352
SJC,EWR,673,799,352
STL,OGG,297,364,352
IAH,JFK,360,500,349
EWR,SAT,333,330,348
SAT,EWR,331,330,348
JFK,IAH,358,501,348
HNL,SJC,245,363,348
SJC,HNL,245,363,348
DTW,SBN,388,435,343
SBN,DTW,388,434,343
LAX,ANC,339,340,340
MSP,MBS,584,530,339
GSO,CVG,1046,448,339
ANC,LAX,333,335,339
CVG,GSO,1048,450,338
PDX,SEA,1859,1097,337
SEA,PDX,1888,1036,336
CVG,COS,539,654,332
COS,CVG,531,658,332
ROC,SYR,694,511,331
LBB,ELP,666,337,331
SYR,ROC,688,480,328
ATL,CAK,,166,327
CAK,ATL,,160,327
GSO,PIT,709,709,326
ANC,AKN,324,284,322
CLT,STT,50,251,321
GPT,IAH,,,319
IAH,GPT,,,319
DLG,ANC,302,264,308
HPN,PIT,691,679,307
PIT,HPN,691,679,306
DCA,LAS,68,266,305
LAS,DCA,69,265,305
AUS,SLC,395,365,304
SAT,AUS,730,514,304
ORF,IAH,447,416,303
MDW,LGA,,,303
LGA,MDW,,,303
IAH,ORF,446,417,302
OGG,SJC,17,364,301
SJC,OGG,17,364,301
CLE,MSY,355,350,298
MSY,CLE,355,350,298
CMH,DCA,1900,1802,298
DCA,CMH,1610,1679,297
BTR,IAH,,129,294
IAH,BTR,,129,293
CID,MSP,453,120,289
MSP,CID,452,119,289
EGE,DFW,353,336,286
DFW,EGE,352,337,286
MSP,PSP,202,180,285
PSP,MSP,202,181,285
ORH,ORD,,362,284
ORD,ORH,,365,283
DTW,SJU,315,286,281
SJU,DTW,315,286,281
MEM,CLE,323,495,273
PHX,BDL,274,300,269
DFW,MSN,,466,269
MSN,DFW,,465,269
BDL,PHX,273,300,268
DTW,SRQ,306,265,267
CLE,MEM,231,486,267
SRQ,DTW,306,265,267
MQT,ORD,,299,267
ORD,MQT,,298,267
CVG,DTW,465,400,266
BOS,SAN,364,496,264
SAN,BOS,364,497,264
FWA,DTW,445,247,262
DTW,FWA,445,247,262
GSO,LGA,854,1304,261
LGA,GSO,1164,1533,261
GRR,MEM,130,150,260
MEM,GRR,347,440,260
CLE,SJU,74,212,260
FCA,MSP,168,221,260
MSP,FCA,169,222,260
SJU,CLE,74,212,260
IAD,PHL,726,880,256
EWR,MYR,274,305,251
MYR,EWR,274,305,251
BRO,IAH,55,254,249
IAH,BRO,55,255,249
EWR,BQN,18,259,247
LAX,TUL,61,365,246
TUL,LAX,61,365,246
BQN,EWR,17,259,246
OAK,EWR,229,430,245
HPN,RDU,,148,245
EWR,OAK,230,430,244
FCA,MSO,242,242,243
MSO,GTF,366,365,243
RDU,HPN,,149,243
OME,OTZ,252,211,242
SNA,LAX,31,90,242
LAX,SNA,31,94,241
BTR,ORD,,657,241
ORD,BTR,,658,239
DTW,CVG,371,504,236
LGA,RIC,1228,1072,234
RIC,LGA,1211,1076,234
DTW,DAY,373,378,229
DAY,MSP,702,719,223
PDX,PSP,203,255,220
HOU,MCI,320,370,220
PSP,PDX,203,256,219
EWR,STT,317,268,218
STT,EWR,317,268,218
MKE,STL,2117,2070,216
DAY,DTW,373,378,216
STL,MKE,2118,2070,215
IAH,LFT,4,6,215
LFT,IAH,3,5,215
JAC,DFW,167,233,215
DFW,JAC,167,232,215
CLE,PVD,566,152,213
PVD,CLE,568,151,213
MSP,DAY,702,717,209
ANC,DTW,122,122,207
DTW,ANC,122,122,207
CVG,GRR,365,,205
GRR,CVG,366,,205
ROC,LGA,1310,1615,198
DFW,BUF,138,183,198
LGA,ROC,1289,1621,197
BUF,DFW,138,183,197
PIT,CMH,2160,1920,193
CMH,PIT,1627,1474,189
PHL,IAD,725,883,186
SAT,DTW,,,184
DTW,SAT,,,184
MSP,JAX,,,183
SIT,SEA,91,161,182
JAX,MSP,,,182
ANC,SFO,126,181,181
SFO,ANC,125,181,181
JFK,SYR,,1002,180
SYR,JFK,,1002,180
DFW,RSW,137,155,179
RSW,DFW,137,155,179
AKN,ANC,203,180,174
PIT,IAD,346,478,171
MCO,PBI,,954,165
PBI,MCO,,954,165
CLE,PHL,2630,2115,164
PHL,CLE,2996,2220,164
ANC,DLG,181,160,160
AUS,IAD,366,365,157
IAD,AUS,366,365,157
LGA,MCI,,,155
MCI,LGA,,,155
LAS,RDU,,29,154
RDU,LAS,,29,154
SDF,LEX,361,359,151
AKN,DLG,121,104,148
CVG,MEM,695,359,144
EGE,ORD,223,149,144
ORD,EGE,222,149,144
MEM,CVG,724,623,144
DEN,ANC,,109,139
ANC,DEN,,108,139
MCI,HOU,331,348,136
BOI,SFO,1449,1256,135
SFO,BOI,1449,1257,135
SDF,MEM,364,323,133
JAC,ORD,130,128,132
IAH,HDN,134,124,132
HDN,IAH,134,124,132
ORD,JAC,130,127,131
EWR,EGE,133,128,130
EGE,EWR,134,128,130
CLE,PBI,183,312,129
PBI,CLE,183,312,129
MEM,SDF,359,311,128
IAH,MTJ,135,132,123
MTJ,IAH,135,132,123
HDN,DFW,118,116,122
DEN,HDN,109,108,122
DFW,HDN,117,116,122
HDN,DEN,109,107,122
ANC,IAH,109,96,122
IAH,ANC,109,96,122
RIC,ORF,881,711,120
RIC,PIT,1440,1016,117
IAH,EGE,110,109,116
EGE,IAH,110,109,116
IAD,CVG,,,115
CVG,IAD,,,114
HDN,ORD,92,17,113
ORD,HDN,92,17,113
RDU,IAD,644,306,113
IAD,RDU,642,306,112
SEA,SIT,126,126,112
EGE,MSP,115,111,111
HDN,MSP,106,104,111
MSP,EGE,115,111,111
MSP,HDN,106,104,111
BOS,STT,59,204,110
STT,BOS,60,204,110
CMH,RSW,287,234,109
FAI,SCC,18,93,109
RSW,CMH,286,234,109
SCC,FAI,,45,109
ATL,EGE,96,102,108
EGE,ATL,96,102,107
DFW,MTJ,17,107,107
MTJ,DFW,17,107,107
MSP,JAC,,,106
JAC,MSP,,,105
SJU,PIT,366,280,104
PIT,SJU,366,280,104
GUC,DEN,17,107,102
DEN,GUC,17,108,101
EGE,SFO,96,107,100
SFO,EGE,95,106,100
ATL,ANC,122,116,100
ANC,ATL,122,116,100
IAD,PIT,344,481,96
HSV,MLU,365,363,96
MLU,DFW,365,363,96
MLU,JAN,29,388,96
BOS,ALB,,959,96
HNL,DEN,,,96
DEN,HNL,,,96
JAN,MLU,391,478,95
BIL,FCA,52,118,95
ALB,BOS,,960,95
FCA,BIL,51,117,94
GTF,BIL,52,118,94
JAN,MEM,704,544,93
MEM,JAN,703,544,93
FAI,MSP,91,92,93
MSP,FAI,91,92,93
BIL,GTF,51,118,93
ATL,MLU,365,357,91
GUC,DFW,118,117,91
DFW,GUC,118,117,91
MLU,ATL,341,354,91
JNU,GST,91,91,91
GST,JNU,91,91,91
MSP,TVC,152,,88
TVC,MSP,148,,87
EWR,ANC,,84,84
ANC,EWR,,84,84
SEA,BWI,,119,83
BWI,SEA,,120,83
MTJ,ORD,,9,83
ORD,MTJ,,10,82
ORD,STT,97,83,81
HNL,DTW,92,60,80
DTW,HNL,92,60,80
IAD,STT,42,44,78
MEM,TYS,145,3,78
TYS,MEM,148,3,78
SJC,PSP,163,118,77
PSP,SJC,163,118,77
MEM,SJU,126,101,77
CLE,SRQ,140,121,77
SJU,MEM,126,101,77
SRQ,CLE,140,121,77
IAH,PSP,135,127,75
PSP,IAH,135,127,75
BDL,LAS,246,262,75
LAS,BDL,247,260,75
PIT,RIC,1374,985,66
BIL,HLN,,,65
HLN,BIL,,,64
IAD,LGA,4055,2302,63
PHX,COS,998,831,63
COS,PHX,1000,833,62
LGA,IAD,3695,2013,62
SLC,JAC,91,,62
JAC,SLC,91,,61
STT,CLT,,,59
IAD,MEM,,251,56
MEM,IAD,,245,55
MEM,PBI,,15,55
PBI,MEM,,15,55
MIA,SEA,365,365,48
SEA,MIA,366,365,48
JFK,ORD,354,48,48
ORD,JFK,323,47,47
AZO,MSP,566,345,43
MSP,AZO,475,345,43
TUS,SJC,92,512,40
SJC,TUS,92,478,40
EWR,ORF,733,529,39
ORF,EWR,733,528,39
MSP,SJU,41,38,38
SJU,MSP,41,38,38
HOU,OAK,,,38
OAK,HOU,,,38
HDN,EWR,17,24,35
EWR,HDN,17,24,35
BZN,DTW,8,21,34
DTW,BZN,8,21,34
HOU,TPA,,36,32
LAS,OKC,337,29,31
OKC,LAS,337,29,31
TPA,HOU,,37,31
MAZ,SJU,,119,30
PSP,ATL,,,30
ATL,PSP,,,30
EGE,MIA,17,19,29
MIA,EGE,17,19,29
SJU,MAZ,,61,29
EWR,SAV,76,36,26
SAV,EWR,76,36,26
IAH,GSO,756,694,26
GSO,IAH,660,520,26
BTR,MEM,836,6,25
CHS,EWR,625,56,25
GSO,EWR,1283,810,25
EWR,GSO,1283,825,25
MEM,BTR,836,5,25
EWR,CHS,624,56,25
ERI,PIT,1440,1454,20
PIT,ERI,1440,1454,19
GUC,IAH,,,18
IAH,GUC,,,18
SJU,RDU,,,17
RDU,SJU,,,17
EGE,LGA,34,29,16
LGA,EGE,34,29,16
CVG,EGE,,2,16
EGE,CVG,,2,16
EWR,MTJ,17,15,15
MTJ,EWR,17,15,15
MEM,RSW,61,,14
RSW,MEM,61,,14
DEN,BDL,365,266,13
BDL,DEN,366,266,13
DAB,CVG,,,13
CVG,DAB,,,13
IAH,JAC,,,13
JAC,IAH,,,13
DTW,RNO,240,,12
RNO,DTW,240,,12
MEM,SAN,212,265,12
SAN,MEM,213,266,12
EGE,DTW,14,9,10
DTW,EGE,14,9,10
LGA,TVC,,15,10
TVC,LGA,,15,10
OKC,BWI,,1,9
BWI,OKC,,,9
HOU,SAN,,,9
SAN,HOU,,,9
IAD,RSW,140,12,8
RSW,IAD,140,12,8
SFO,TUS,,,8
TUS,SFO,,,8
SDF,EWR,3,6,7
MEM,XNA,,,7
XNA,MEM,,,7
EGE,LAX,,,7
LAX,EGE,,,7
DEN,MTJ,28,,6
MTJ,DEN,28,,6
EWR,SDF,3,6,6
JAC,ATL,,,6
ATL,JAC,,,6
LGA,RSW,485,576,4
RSW,LGA,485,577,4
ORD,ONT,789,573,3
ATL,AGS,993,,3
DEN,KOA,,,3
KOA,DEN,,,3
CLE,MHT,128,83,2
DEN,JFK,364,30,2
MHT,CLE,128,84,2
IAH,LIT,1,,2
PVD,FLL,9,299,2
FLL,MHT,,9,2
AGS,SAV,,,2
STL,OAK,,,2
BOI,LAX,,,2
LAX,GEG,,,2
LIT,IAH,,,2
MSP,SUX,690,273,1
DTW,TYS,382,444,1
SUX,MSP,691,273,1
TYS,DTW,379,444,1
PHL,EWR,2,,1
MSP,HPN,3,,1
JFK,DEN,363,30,1
DAY,CMH,1,,1
MIA,FLL,245,2,1
FLL,PVD,9,301,1
BNA,GUC,,1,1
GUC,BNA,,1,1
BDL,BOS,,4,1
ALB,BDL,,1,1
IAD,EWR,,165,1
MHT,FLL,,9,1
STX,SJU,,178,1
AGS,CHS,,,1
ONT,GTF,,,1
LAS,PSC,,,1
DCA,BTR,,,1
DSM,MEM,,,1
MEM,DSM,,,1
DBQ,LSE,,,1
MSN,LSE,,,1
DCA,BWI,,,1
SJC,OAK,,,1
SFO,SDF,,,1
SBP,SBA,,,1
CLE,SDF,,,1
ONT,SNA,,,1
STL,ACY,,,1
IAH,DAY,,,1
ICT,PHX,726,578,
STL,PIA,16,,
BGM,PIT,796,376,
CAK,PIT,1052,790,
CRW,PIT,1146,827,
ELM,PIT,1040,715,
GRR,PIT,1041,553,
ITH,PIT,732,502,
LEX,PIT,1015,492,
ROA,PIT,1065,818,
SBN,PIT,1353,883,
TOL,PIT,901,376,
JAX,PNS,92,,
MLU,PNS,363,90,
MOB,PNS,179,,
MSY,PNS,353,300,
GEG,PSC,366,90,
DEN,PSP,185,123,
HOU,PVD,161,,
IAH,PVD,363,245,
BDL,PWM,303,,
EWR,RIC,685,436,
IAD,RIC,10,,
IAH,RIC,363,245,
ORF,RIC,386,302,
RDU,RIC,357,90,
HOU,RNO,33,23,
SAN,RNO,522,,
SNA,RNO,517,,
STL,RNO,120,,
CLT,ROA,1431,1091,
PIT,ROA,786,549,
BOS,ROC,615,1074,
BUF,ROC,362,247,
DCA,ROC,999,796,
EWR,ROC,179,56,
IAD,ROC,366,303,
TPA,RSW,1,,
CLE,SAN,273,,
RNO,SAN,522,,
AUS,SAT,366,151,
SFO,SBA,1666,1482,
CVG,SBN,275,,
PIT,SBN,1353,883,
BNA,SDF,358,149,
DCA,SDF,458,,
LGA,SDF,310,29,
PHL,SDF,365,230,
CLE,SEA,169,87,
AUS,SFO,366,267,
BDL,SFO,365,247,
GEG,SFO,840,180,
MCI,SFO,1,,
MRY,SFO,341,,
ONT,SFO,2163,1633,
SBA,SFO,1620,1482,
JAN,SHV,360,,
MLU,SHV,725,379,
STL,SHV,621,,
LAX,SJU,337,164,
COS,SLC,722,453,
DTW,SLC,728,521,
HOU,SLC,30,23,
MSY,SLC,729,301,
TUS,SLC,362,361,
IAD,SMF,365,303,
RNO,SNA,519,,
CVG,SRQ,274,,
IAH,SRQ,122,,
STL,SRQ,261,,
CVG,STL,1167,,
ELP,STL,183,,
FSD,STL,1069,1000,
HDN,STL,98,90,
LNK,STL,1283,649,
PBI,STL,361,14,
PIA,STL,17,,
RNO,STL,121,,
SHV,STL,622,,
SRQ,STL,262,,
TYS,STL,915,55,
DCA,SYR,989,799,
MCO,SYR,1097,330,
PIT,TOL,901,375,
CLT,TRI,1152,547,
ELP,TUS,361,89,
EWR,TUS,52,17,
SLC,TUS,364,328,
CLT,TYS,1384,829,
STL,TYS,914,55,
SJU,LAX,337,165,
PIT,LEX,1015,491,
BWI,LGA,167,,
GSP,LGA,310,124,
IND,LGA,666,419,
JAX,LGA,934,1128,
SDF,LGA,310,29,
CVG,LIT,691,90,
DEN,LNK,730,377,
ORD,LNK,730,374,
STL,LNK,1283,648,
ORD,MBS,1409,743,
CLE,MCI,104,,
DCA,MCI,880,646,
ABE,MCO,732,574,
MDT,MCO,53,48,
SYR,MCO,1097,331,
ABE,MDT,821,485,
ATL,MDT,722,605,
IAD,MDT,120,,
MCO,MDT,53,48,
IAD,MDW,1204,,
AUS,MFE,366,150,
LAX,MFR,612,302,
ATL,MGM,991,,
DCA,MHT,657,532,
PWM,MHT,363,245,
IAD,MKE,191,,
IAH,MKE,346,268,
LAS,MKE,363,255,
MGM,MLU,330,,
SHV,MLU,725,392,
BTR,MOB,726,298,
DFW,MOB,358,241,
PNS,MOB,182,,
SFO,MRY,341,,
HOU,MSP,304,,
HPN,MSP,4,,
JFK,MSY,350,120,
PNS,MSY,353,300,
SLC,MSY,724,299,
CLE,MTJ,1,,
HNL,OGG,2012,8008,
CVG,OKC,240,,
SFO,ONT,2161,1633,
ABE,ORD,1392,1157,
BHM,ORD,317,,
ISP,ORD,9,,
JAX,ORD,732,378,
LNK,ORD,730,375,
MBS,ORD,1410,744,
ONT,ORD,787,573,
STL,PBI,361,13,
JFK,PDX,364,240,
DAY,PHL,1081,698,
GSP,PHL,366,279,
JFK,PHL,294,,
SDF,PHL,366,230,
MOB,DFW,362,241,
DTW,DSM,99,53,
DSM,DTW,172,80,
HOU,DTW,346,,
SLC,DTW,728,521,
ITH,ELM,675,464,
PIT,ELM,731,501,
STL,ELP,182,,
DEN,EUG,366,303,
BDL,EWR,330,187,
DAB,EWR,366,260,
RIC,EWR,687,424,
ROC,EWR,179,56,
TUS,EWR,52,17,
CLT,FAY,1414,531,
IAD,FLL,1350,563,
DEN,FSD,317,,
STL,FSD,1069,997,
LAS,GEG,243,13,
PSC,GEG,365,273,
SFO,GEG,840,180,
PIT,GRR,1042,552,
DCA,GSO,311,29,
CLT,GSP,2038,1316,
LGA,GSP,310,122,
PHL,GSP,366,278,
ATL,GUC,86,,
LAX,HDN,17,13,
STL,HDN,98,90,
ATL,HNL,365,90,
OGG,HNL,2195,8851,
DTW,HOU,363,,
IAH,HOU,470,,
MSP,HOU,285,,
PVD,HOU,161,,
RNO,HOU,33,23,
SLC,HOU,30,23,
CLT,HSV,1107,580,
CMH,IAD,183,48,
FLL,IAD,1347,560,
MDT,IAD,121,,
MDW,IAD,1204,,
MKE,IAD,192,,
ROC,IAD,366,303,
SMF,IAD,366,303,
STT,IAD,36,,
BDL,IAH,364,260,
HOU,IAH,471,,
MKE,IAH,346,268,
PVD,IAH,364,245,
RIC,IAH,364,257,
SRQ,IAH,122,,
PHX,ICT,727,577,
CLE,IND,156,,
DCA,IND,931,676,
LGA,IND,628,383,
ORD,ISP,9,,
ELM,ITH,366,251,
PIT,ITH,1041,714,
LAX,JAC,16,13,
BHM,JAN,896,535,
BTR,JAN,359,90,
CVG,JAN,363,,
SHV,JAN,359,1,
CLE,JAX,4,1,
DCA,JAX,671,534,
LGA,JAX,945,1128,
ORD,JAX,732,377,
PNS,JAX,92,,
MSY,JFK,351,120,
PDX,JFK,364,242,
PHL,JFK,295,,
COS,LAS,520,,
GEG,LAS,243,13,
MKE,LAS,363,255,
HDN,LAX,17,13,
JAC,LAX,16,13,
MFR,LAX,611,303,
ATL,ABE,726,606,
MCO,ABE,732,574,
MDT,ABE,1077,780,
ORD,ABE,1035,862,
DCA,ALB,1019,802,
BRW,ANC,233,133,
ABE,ATL,722,607,
AGS,ATL,993,,
GUC,ATL,86,,
HNL,ATL,364,88,
MDT,ATL,726,606,
MGM,ATL,660,,
MFE,AUS,366,151,
SFO,AUS,366,266,
SLC,AUS,30,,
IAH,BDL,363,260,
PWM,BDL,304,,
SFO,BDL,366,247,
PIT,BGM,796,375,
BTR,BHM,357,150,
JAN,BHM,909,543,
MLU,BHM,331,,
ORD,BHM,317,,
DCA,BNA,648,492,
DEN,BNA,727,331,
SDF,BNA,350,148,
BUF,BOS,932,86,
ROC,BOS,604,1076,
SCC,BRW,18,,
BHM,BTR,359,149,
MOB,BTR,725,301,
PNS,BTR,360,90,
BOS,BUF,956,87,
CLE,BUF,91,,
CVG,BUF,710,403,
DCA,BUF,1020,802,
ROC,BUF,297,,
LGA,BWI,167,,
CLT,CAE,2112,1109,
PIT,CAK,1052,789,
CLT,CHA,1074,830,
DCA,CHS,316,265,
DEN,CID,569,601,
BUF,CLE,91,,
IND,CLE,156,,
JAX,CLE,4,1,
MCI,CLE,104,,
MTJ,CLE,1,,
SAN,CLE,273,,
SEA,CLE,168,88,
CAE,CLT,2112,1111,
CHA,CLT,1074,829,
FAY,CLT,1414,532,
GSP,CLT,2037,1316,
HSV,CLT,1107,580,
ROA,CLT,1152,822,
TRI,CLT,1152,548,
TYS,CLT,1384,830,
IAD,CMH,182,48,
LAS,COS,519,,
SLC,COS,722,453,
PIT,CRW,1146,826,
BUF,CVG,723,418,
JAN,CVG,361,1,
LIT,CVG,695,90,
OKC,CVG,241,,
SBN,CVG,275,,
SRQ,CVG,274,,
STL,CVG,1166,,
EWR,DAB,366,263,
DCA,DAY,879,376,
PHL,DAY,710,398,
ALB,DCA,1019,802,
BNA,DCA,636,487,
BUF,DCA,1042,802,
CHS,DCA,357,269,
DAY,DCA,879,348,
GSO,DCA,306,28,
IND,DCA,915,649,
JAX,DCA,674,534,
MCI,DCA,880,641,
MHT,DCA,676,532,
ROC,DCA,1007,801,
SDF,DCA,458,,
SYR,DCA,1014,802,
BNA,DEN,727,377,
CID,DEN,566,601,
EUG,DEN,366,303,
FSD,DEN,318,,
LNK,DEN,730,377,
PSP,DEN,185,124,
MYR,PIT,47,44,
MCO,ROC,47,47,
DCA,RSW,34,61,
ROC,MCO,47,48,
FNT,MSP,89,2,
PHL,MYR,47,40,
PIT,MYR,48,44,
MYR,PHL,47,40,
MSP,FNT,88,2,
BOS,BDL,2,,
RSW,DCA,34,61,
GRR,TOL,1,,
EWR,LGA,1,,
RIC,MIA,1,,
DSM,MLI,1,,
ABQ,EWR,44,35,
LIT,IAD,1,,
EWR,ABQ,44,35,
LFT,DCA,3,6,
CVG,SJC,271,272,
SFO,SJC,37,17,
DCA,LFT,3,4,
PBI,MIA,2,1,
COS,ONT,1,,
LFT,ORF,1,,
SJC,CVG,273,273,
LWB,PIT,2,,
SRQ,RSW,1,,
TYS,SDF,1,,
ANC,STL,111,169,
HPN,SWF,1,,
LWB,LGA,52,,
CLT,LWB,28,77,
LGA,LWB,52,,
PIT,LWB,2,,
DAL,ORD,1015,938,
MDT,PHL,2,,
BWI,EWR,60,17,
CMH,FLL,137,,
DAL,LAX,895,924,
HPN,ALB,1,,
STL,ANC,105,169,
MDT,BDL,1,,
EWR,BWI,57,,
LWB,CLT,28,77,
FLL,CMH,137,,
LAX,DAL,895,927,
ORD,DAL,1015,939,
ANC,PHX,97,96,
MSY,SAT,198,,
CLE,SLC,12,,
JFK,LGA,1,,
ICT,MEM,119,250,
SAT,MSY,198,,
SAN,ONT,205,50,
HLN,FCA,117,122,
DAL,HRL,29,36,
MEM,ICT,120,253,
BDL,LAX,199,256,
PHX,ANC,97,96,
CLE,AUS,167,2,
CMH,BDL,131,,
LAX,BDL,199,256,
AUS,CLE,166,3,
SLC,CLE,12,,
BDL,CMH,132,,
HRL,DAL,30,36,
JAN,PNS,177,301,
JFK,SAT,1,,
BHM,MOB,179,240,
PNS,JAN,180,301,
SAT,JFK,1,,
MOB,BHM,176,240,
MLI,CID,2,,
BWI,DCA,1,1,
CLE,PIT,1,,
ONT,SAN,2,,
DAL,LGA,324,689,
PIT,CLE,1,,
LGA,DAL,323,689,
GSO,RDU,96,191,
BWI,RSW,119,336,
PIA,MDW,1,,
MSP,MIB,89,,
MIB,MSP,89,,
MIA,PBI,1,,
ANC,DFW,5,,
CHS,DTW,204,259,
RDU,GSO,1,,
DCA,LAX,110,246,
DFW,ANC,5,,
EWR,BDL,15,,
RSW,BWI,119,335,
DTW,CHS,205,258,
LAX,DCA,110,246,
MHT,PWM,61,90,
JFK,SNA,51,52,
JAX,PBI,1,,
LAX,EUG,1,,
SNA,JFK,60,60,
IAD,DCA,1,,
OAK,SJC,1,,
ITO,OGG,183,622,
KOA,OGG,244,955,
LIH,OGG,122,603,
MCI,OMA,1,,
HNL,OAK,60,303,
OGG,OAK,61,303,
HNL,LIH,1464,6596,
OGG,LIH,122,532,
OGG,KOA,122,530,
HNL,KOA,1036,5124,
ITO,KOA,121,273,
HNL,ITO,732,3534,
KOA,ITO,60,266,
OGG,ITO,122,273,
ITO,HNL,610,3178,
KOA,HNL,976,4709,
LIH,HNL,1463,6525,
OMA,EWR,1,,
MSY,BTR,1,,
MGM,BHM,1,,
CHA,ATL,1,,
PSP,PHX,29,91,
PHX,PSP,30,90,
MIA,SJC,17,256,
CVG,SJU,31,230,
SJC,MIA,17,256,
OAK,OGG,31,303,
LAX,ONT,1,1,
OKC,ELP,1,,
OAK,HNL,31,303,
OKC,AUS,1,,
SJU,CVG,31,230,
BFL,LAX,,1669,
LAX,BFL,,1669,
HRL,DFW,,903,
DFW,HRL,,901,
SBN,ORD,,15,
ORD,SBN,,14,
ORD,SRQ,,16,
SRQ,ORD,,16,
MHT,LGA,,797,
LGA,MHT,,797,
BTV,BOS,,1776,
BOS,BTV,,1775,
SYR,BOS,,523,
BOS,SYR,,521,
ROC,JFK,,1372,
JFK,BUF,,1481,
BUF,JFK,,1481,
JFK,ROC,,1371,
JFK,ORH,,631,
ORH,JFK,,635,
MIA,APF,,361,
APF,MIA,,364,
EYW,MCO,,239,
MCO,EYW,,238,
MIA,SRQ,,438,
SRQ,MIA,,441,
MIA,IND,,84,
IND,MIA,,84,
MIA,SAV,,434,
SAV,MIA,,437,
MIA,CMH,,104,
CMH,MIA,,103,
SMF,SFO,,1,
ORF,FLL,,1,
JAX,MCO,,2,
CLE,SYR,,1,
TYS,GSO,,1,
EWR,MLB,,215,
MLB,EWR,,219,
DAB,CLE,,4,
CLE,DAB,,4,
IAH,MAF,,1,
BTV,PWM,,67,
ACY,JFK,,1,
OAK,KOA,,118,
KOA,OAK,,117,
MAF,IAH,,1,
IND,FLL,,137,
RSW,IND,,136,
FLL,IND,,139,
IND,RSW,,136,
RNO,SMF,,1,
AUS,BOS,,130,
BOS,AUS,,130,
SNA,HNL,,184,
HNL,SNA,,184,
IAD,LFT,,1,
GSO,MEM,,113,
MEM,GSO,,114,
SFO,ABQ,,16,
ABQ,SFO,,16,
BWI,IAD,,1,
SNA,OGG,,152,
OGG,SNA,,153,
MSP,RDR,,46,
RDR,MSP,,46,
PWM,EWR,,66,
EWR,PWM,,66,
BDL,LGA,,1,
IAH,LBB,,1,
MEM,BWI,,21,
BWI,MEM,,20,
ADQ,BET,,6,
HOU,EWR,,43,
EWR,HOU,,44,
EWR,IAD,,151,
DAB,MLB,,4,
MSY,AUS,,1,
FLL,PBI,,1,
EWR,JFK,,1,
SJU,STX,,179,
IAD,PBI,,1,
DSM,BNA,,1,
FSD,IAD,,1,
OKC,DTW,,1,
MSP,LIT,,1,
LIT,DAY,,1,
LNK,MKE,,1,
CID,SAT,,1,
OMA,CMH,,1,
SAT,BDL,,1,
LIT,SDF,,1,
CID,RIC,,1,
MKE,DEN,,1,
DSM,ATL,,1,
DSM,AUS,,1,
MCI,MIA,,1,
OMA,BWI,,1,
OMA,ORF,,1,
MLI,IAD,,1,
IAH,MLI,,1,
FSD,CLT,,1,
DFW,MLI,,1,
MCI,ONT,,1,
DSM,RDU,,1,
MLI,RDU,,1,
ICT,DAY,,1,
OKC,BOS,,1,
TUL,SNA,,1,
MSY,RSW,,1,